0.7073698068234014,0.7074984892789461,0.08384830039139674,0.08395727718662752,0.0018075142812533191,0.8544833974969266,-0.0018420505942022974,0.01684625420217561,0.3148086807961858,0.218372373360264,0.7037175332539201,0.7033777140301727,0.07848046499207172,0.07876868785573714,0.0015443849903060964,0.8534949456196117,-0.0029053305393629387,0.0159694526922838,0.319772375268606,0.32705140869102267,0.707000326606766,0.7065284935446549,0.08007815343183419,0.08050433494287755,0.0013675745674713495,0.871849872518749,-0.0009382263658797121,0.020731907596344044,0.31913761320272127,0.3033323572740041,0.7037863467775187,0.7031966973706347,0.07462540383898056,0.07487664571242997,0.00157675427544417,0.8522898374491705,-0.0019754763708897485,0.014096170159097171,0.3263185104685578,0.33670850253960616,0.8681219638857418,0.40562970647168944,0.22799016908953113,0.6280318188741355,0.9045697797256385,0.28299079022173534,0.5432365851600355,0.3079917240681916,0.25795558043576183,0.5318222093724906,0.3239905405032271,0.38298471846250776;1
0.6211842350809481,0.6211620810760791,0.07771129911524553,0.07778162143689211,0.004878368591723475,0.8273593973478609,0.002733618879630844,0.02340058608350752,0.3387903097984108,0.24994550365275373,0.6196747434274893,0.6199653796287454,0.07525779967732152,0.07536537007166313,0.0040345653154559334,0.8263829070691608,0.0034261438862865697,0.02558141501125631,0.33666176131908204,0.34682235957713137,0.6215198814172038,0.6218422254631525,0.07525745744092634,0.07556612184906525,0.00452530526010937,0.8273792116414139,0.003104258488563599,0.023775499544238164,0.35948849165318864,0.33366469328468074,0.619847082260522,0.6201913973345801,0.07185056563728101,0.07199873056124097,0.0038247642268992334,0.8244342813076248,0.0030562277151211605,0.022124909441811544,0.34588079285885076,0.3603169775965803,0.8508932356424354,0.35780012483570756,0.2917390814071988,0.5444120774608279,0.7834866792989438,0.3098965743065742,0.5484643348828643,0.3433251631674675,0.30369433031315624,0.5124102950928388,0.574732411886461,0.5151209483556078;3
0.6387170124451296,0.6387832211059904,0.33831961440311387,0.33863332392809986,-0.007475107038560246,0.8169499927036237,0.25814779290475903,0.37733254988851633,0.08898547781618396,0.020395401416189955,0.682481582564271,0.6830316860869887,0.37551917268841095,0.37546900939492944,-0.010674858606964514,0.7943028758970668,0.2950457292292031,0.422005731439436,0.06590778161749289,0.029928364821987626,0.6305069452120328,0.6311777198351705,0.3316782564210739,0.33312458230296865,-0.007318268673768328,0.8159249355515031,0.2328575104900661,0.34368772168792655,0.08939219028551294,0.035918175897838064,0.6771958633008344,0.6777391219925059,0.35850141970119054,0.35897221311193095,-0.007512977839357882,0.7917698851800341,0.254358732167693,0.4031435242538057,0.06794009286132996,0.03387308856058589,0.8016500476634909,0.4071067332873606,0.3315691065155249,0.46947263921247123,0.6519067020171453,0.07878452698494824,0.40941968375176524,0.1492868236449373,0.021110885777826088,0.053986570614833654,0.5320692674986843,0.16423055000539355;5
0.6879431490940262,0.6875995813932468,0.1585478902637294,0.15813054653417222,0.0015682201886555224,0.8840944657103231,0.10303714010721489,0.19117573870162252,0.09833450178224537,0.0897345506764887,0.7205187198357748,0.7215249434377248,0.19469465531184502,0.19537714876836484,0.001914014364738666,0.8667830014796394,0.12976606136476812,0.2321868808185591,0.07816722357291121,0.10445558364714103,0.6993367333133913,0.7007011287227808,0.16819111684781116,0.1699724871021419,0.001522408917507448,0.8833053135183407,0.10668315015758745,0.19714120311419642,0.09096002028202795,0.11624285608760165,0.7220650076394036,0.7237226242668009,0.1874807699955569,0.1891559243718283,0.0017436998593643696,0.8676822403037147,0.1175863013915558,0.2286468611814406,0.07635963144086573,0.10629581377931999,0.8672316224771014,0.3254048655119286,0.33011961553588953,0.431374688923876,0.6392619276357812,-0.03011574940075813,0.35789128602870773,0.07110288268992396,0.05903164391591828,0.19256141158119486,0.6172112272431484,0.31527675008984307;7
0.6315211134208002,0.6317080607328,0.3886759083660801,0.38931380063872,-0.008534052724800003,0.8013400358700803,0.2946564613283201,0.4113654998256001,0.11052574849088,0.013357508861120006,0.7063282056208,0.7055409205081602,0.4490606075257601,0.4472479227865601,-0.006728864328320002,0.76433334743968,0.3498423967164801,0.48519532202368,0.08059374992607998,0.02295393288864001,0.6557657133804801,0.65549445155968,0.40606053525024016,0.40686320040672014,-0.008910828123200005,0.7989354710192001,0.27473427837184017,0.4004771719238401,0.10743309211040003,0.029845885064960005,0.7115124358688001,0.7107524954886404,0.42874077215936,0.42769162708479996,-0.005606797372160003,0.7641326963065602,0.32032156460512,0.48280557562591997,0.08403967954528001,0.024964314663679994,0.768605,0.182564335408,0.84803618620512,0.17562484411327992,0.6748218187027201,-0.04400532916352001,0.40570261914464,0.1585109111488,0.02350222283328001,0.02844931428032001,0.4980052848332802,0.10882211396672004;9
0.651720818,0.65176575,0.177951367,0.178128264,0.003658215,0.808507465,0.086982196,0.171499545,0.14323045,0.059263575,0.678418811,0.678442379,0.206983395,0.206675812,0.00385293,0.796549146,0.109550099,0.204176734,0.129164589,0.070268125,0.636060043,0.636002542,0.155960441,0.155977953,0.003490152,0.802667917,0.076066122,0.144207688,0.178563552,0.086573194,0.67799162,0.677914531,0.197494546,0.197243948,0.003447473,0.798272978,0.098468252,0.197386928,0.136866908,0.073928595,-0.53125,-0.055380393,0.577916194,-0.05177396,-3.212121212,0.0,0.327047901,0.0,-2.351851852,0.0,0.460134467,0.0;11
0.6389467293977258,0.6394696553433699,0.16110059190055528,0.16134460065511677,0.003674327084991675,0.8608992564693407,0.0028613925483285062,0.02747057287749801,0.31530855568711885,0.13922809246568416,0.6419252532231873,0.6400944235265038,0.16343341070255854,0.16112460507229082,0.002435185080014738,0.8841400538666399,0.00505507750590917,0.03912684235580732,0.2671152673369777,0.19788547371236204,0.6413732375978656,0.6390371404758367,0.16014791960714497,0.15816179300007177,0.0028386375417198298,0.8735984549535063,0.0028610780296966154,0.02980594487253268,0.28540261484149315,0.19236174208189044,0.6442268144242999,0.641364046335843,0.15839381136522854,0.15607992438948753,0.0013925518162046177,0.9117181066132538,0.006501097441076154,0.04467010016072946,0.21050252143697573,0.19927992145894097,0.6860299574167328,0.7743536607994309,0.1615455265946702,0.7712846863398798,0.6595921884833124,0.23487320520620264,0.644937910030385,0.4473198522614646,0.31326723017451913,0.516434936323214,0.7971418572380109,0.5974492387061756;13
0.536045423208551,0.5357875289604983,0.12397513022581047,0.12347114177272166,0.0011417010409712966,0.8884287227003208,0.01371482960392248,0.05065418445690975,0.20506342768582708,0.15555163709986605,0.5446438586277473,0.5453162093673085,0.13901700870307643,0.13949917320355412,0.0005001555200088258,0.9139486266680149,0.01964862505106662,0.0687602605980935,0.16668603717268415,0.19739542737928578,0.538785690714928,0.5397444263320037,0.1261118391093081,0.12763313848946875,0.0009289865948279312,0.8982578606795195,0.014651989201170274,0.053670908645550214,0.1970001348353534,0.201019326056381,0.550609045260208,0.551779941542694,0.14138548485110997,0.14300679889160292,0.0005698570136974036,0.9123607060487277,0.022873786856632196,0.07371566002006363,0.1575252270853261,0.19570666317064062,0.7795807327009155,0.5708654844675439,0.22848029125331812,0.641155158180836,0.6602093065758907,0.0954000965939815,0.5186807860134639,0.26023129780784604,0.31575460215675955,0.5197633781347044,0.6864381503371668,0.5528048586245661;15
0.4849917709106734,0.4848754297828253,0.10696413034886873,0.1069613909417997,0.0017978155471518034,0.8971953802521864,0.013441633456891505,0.04866119010758947,0.25074464740619273,0.17323961755927228,0.4915703190839515,0.4933430828643619,0.11676872770885234,0.11910969650492281,0.0013202647586447144,0.9029513222512364,0.019173994214978687,0.05988113327301554,0.2404806511741728,0.21885901706791386,0.4872514613151408,0.48915024631229315,0.10683143976592642,0.10959220555943855,0.0019451740035881745,0.8859991536692133,0.013630010213852035,0.04606785920350656,0.28095561396378466,0.23332888335474375,0.48978874483724055,0.4918034795003755,0.10880062026558973,0.11131389902320393,0.0015488803745489256,0.8920578886482301,0.015481781958222501,0.05204888975963928,0.25694922639783174,0.23609794830583275,0.7643873603992763,0.5782496502893206,0.2049641083076024,0.6992236337313591,1.051086919238115,0.5072268703621284,0.640541305194022,0.4630467770935151,0.3737574293480679,0.6166827812205531,0.2794017781305249,0.5802122296320774;17
0.4794563499197684,0.479537078099939,0.08245225906785988,0.08264365701160911,0.0028803468877312147,0.8938594020834867,0.006981717807331432,0.03954198340521062,0.2781950250822132,0.20242292720030186,0.4800444407405615,0.47990605491042654,0.08393611832633632,0.08384256982270151,0.00209035320053688,0.905938179636877,0.00921062780854106,0.04691960059869543,0.273033618347748,0.26199151393537307,0.4765301557921672,0.4763142936823851,0.07450507404875328,0.07448594584922204,0.0030624844837577195,0.8741662799147778,0.00288647671190896,0.02822120422278543,0.3311888264691587,0.3031893917153784,0.4777775747329004,0.4774870886218287,0.07598431873731566,0.07573551947872563,0.0019530344027409183,0.903022345375627,0.0055645445649711404,0.03894282279038273,0.28432797468373755,0.3002555289463645,0.7894077894627834,0.49963653915751716,0.33391672714305576,0.4756036229714971,0.8391340417936246,0.3514878475235672,0.5425258147288095,0.2905291395845722,0.3817493160280879,0.5512169818345933,0.6023544654154268,0.4769575097793051;19
0.6898399638378653,0.6898697396694571,0.06916471426040675,0.06923321680661912,0.014666963137750252,0.7354478453166,0.023322069564165264,0.052966469669737205,0.4656740599429958,0.1680115414959559,0.6971420481437012,0.6974820177480373,0.07689958971623052,0.077201500132403,0.01184867705817301,0.7399046433885785,0.028997319351295715,0.06243619134515445,0.462827284371872,0.19493996859877818,0.6854066695238703,0.6857167276166286,0.060872093775367626,0.061338643339891016,0.014498839492380542,0.7226252217630899,0.01976096607677957,0.043956638205088425,0.5325598100760351,0.24382840373943654,0.698615652534999,0.6988690048747976,0.07491789306687902,0.07516339764033698,0.010765849427065478,0.7396047849485619,0.026927838841365483,0.06060026633783807,0.48033284374727264,0.19304197869947715,0.8590839950732522,0.39240941614397173,0.3343657985444249,0.43594622682618644,0.6914507756443516,0.06498421948561364,0.5395098366038671,0.17980242424603082,0.04880971855389786,0.33794043293503295,0.8083766936584182,0.7233210899133159;21
0.6311028186115359,0.6311013339456876,0.10911814381304934,0.10915131257371685,0.010366849329184953,0.7646700609189326,0.028835437112600122,0.056600157409972526,0.43814419514380765,0.1458846549346008,0.6406317883661589,0.6409666490243041,0.12086615613667363,0.12086280659325162,0.008127620159560877,0.7691468516067685,0.03651149408989142,0.06905330893583415,0.4233012870981099,0.17502690003100943,0.6318512460616607,0.6321981171424814,0.10686702544455458,0.1072363573686951,0.009285893608524406,0.7639861013170951,0.027838313205254477,0.05464450703261949,0.45303897955924116,0.19655385957104068,0.6419313556242142,0.6422751349127135,0.1166444393748574,0.11683255678219717,0.007352178967005361,0.7731437192672639,0.03393221470302164,0.06775266817214642,0.4188201786396743,0.178880335096819,0.8278540162095714,0.44326854446776537,0.3005505446136248,0.4921618939076709,0.6767105510938023,0.10250491234786893,0.4929411957046243,0.20660051829584095,0.06163760343196181,0.3295737545225847,0.7684953593543536,0.62853200839627;23
0.5428829395930058,0.5429798365415773,0.06854511765460283,0.06869013855068974,-0.00015885747738685627,0.9726957651316182,0.006470984869103344,0.06250221522527682,0.12162935379458405,0.22835116028393546,0.5402296570037984,0.5403238533732904,0.06476125127307805,0.06506759384788492,0.00035310354651719094,0.9371640181199927,0.0037127323809417715,0.05230492532859923,0.14631782446007233,0.3404831969552988,0.5426970702540277,0.542711993331275,0.06505474375953389,0.06547881116276467,0.000330846266062959,0.9445414311116301,0.0031228408728321997,0.04751236646559431,0.15283107336958573,0.3311340002563068,0.5401038358452601,0.540030521779349,0.061284302864447374,0.061512765480595165,3.3169650066656064e-05,0.954432935570068,0.004432623476351832,0.0564820121329177,0.11830934989461885,0.34443405340966066,0.8230950568417301,0.3523142396106322,0.37817494619352693,0.36621921760692894,0.9829662584973341,0.3196708426420696,0.5245445841928349,0.2799408699696308,0.3665973426046986,0.6667145638374986,0.808829289799626,0.643653710941317;25
0.6283310468888893,0.6276095212917352,0.0523439833009544,0.052071733661797466,0.0026997112481238015,0.8711473369911956,0.00818038628941434,0.04291914985551734,0.23133186934190292,0.26728298539314854,0.6329455074471068,0.6330780172568478,0.05721124688233712,0.057420325304723935,0.0021401237162870746,0.8717246190153934,0.011935763720492982,0.05144049634838227,0.20552754684142693,0.33770332501156136,0.6326500273842074,0.6335101753346746,0.05509651918013399,0.05577332777435002,0.00230140494484798,0.8759640949208107,0.010449195948806004,0.046773507222474885,0.22083368058910136,0.3345406081808636,0.63249353838446,0.6340675081993299,0.054254714619754396,0.055074811990206446,0.001950168997910026,0.8713183920190268,0.010548264651766327,0.04804808985358017,0.20763187718283818,0.35186395494924155,0.8880089367300158,0.2907076392576113,0.3795944590743799,0.3498974428483156,0.8261820709536054,0.25480926967873785,0.5350326834909708,0.277796309598871,0.5082358403418414,0.48899563802500506,0.5120299460264068,0.5786391662482869;27
0.5068826240320201,0.5070382677717868,0.17078274719547443,0.17105747726562068,-3.533821922676156e-05,0.9728512740615438,0.04236833382266225,0.08038016517443171,0.175515815835198,0.11013475276848562,0.5058945592356876,0.5056191631518008,0.16903525518411872,0.16848596058486115,-0.00015364297043440263,0.9803851340164855,0.04579083380113838,0.08986864920996407,0.15945977691846042,0.14962383291463247,0.5063894274769917,0.5059735619939049,0.16688793573366328,0.16666275762014693,3.7882309266470486e-07,0.9712820208783965,0.039059368609206155,0.07506472323092868,0.17845890160493122,0.15464165353150935,0.5054857046205935,0.5049115366299914,0.16073806300653334,0.16008672552149716,-0.00016111921938676344,0.9833421867568735,0.040116041365708045,0.08507027349079951,0.15132972204268103,0.15925436507563392,0.6977220184249476,0.5596833873778284,0.33938616964918344,0.5334274313381079,0.7566104263427958,0.3104960787991605,0.5766640898437787,0.34588723618787337,0.14157381997291868,0.3116465020538687,0.6458979454175711,0.34817838185837335;29
0.4654303740522981,0.4654845131926283,0.16339458674077098,0.1635396636482212,0.00024257985151305073,0.95948083326691,0.027146982566143278,0.06666415060825766,0.16671251685107288,0.11949157094214395,0.4665439499522416,0.4665250892816341,0.16589252894975154,0.16556834556397235,0.00014097013628733377,0.964369942003702,0.03277630758207421,0.07862350052638852,0.1504179598026528,0.1627123002895188,0.46800634293327886,0.4679411065907836,0.1642598071890145,0.16436141735193463,0.00019163092245729862,0.9609046994189994,0.02823993060728056,0.06717062423373767,0.1619960754861259,0.16085079267465377,0.46772598131501447,0.46760274834149645,0.16012142200675303,0.1598843120651203,4.4256669681683376e-05,0.9696861356142975,0.029547041455626286,0.07671663196419286,0.13837117371044103,0.17042588405178402,0.6736253029644879,0.625574757827399,0.2975675281289717,0.6219610601372761,0.825573245834762,0.3989010296790166,0.6257045070096751,0.4407371084615673,0.16071844338440516,0.415077846061486,0.7351034354250416,0.49632904661366634;31
0.29276300400802147,0.29275159474343754,0.00696767254494184,0.006931731540348733,0.015033847886691157,0.7315522268559109,0.01093458500433439,0.03856816820363748,0.3066896278148169,0.3138804690182226,0.2950027347877427,0.2951392462484337,0.013098413402056915,0.013356248521554257,0.011054919602381839,0.7397564695603008,0.014918071847247708,0.04493563178950954,0.28352245298548,0.3307055717871074,0.29504854736674613,0.2952007002318214,0.008124428654717556,0.008463290579644681,0.013050205517966226,0.739220697330282,0.012224136021002138,0.04100543963172654,0.30400916865216376,0.35468867113642966,0.29470642987941675,0.29486430686451337,0.011092579247695862,0.01142846381466342,0.010885881827338953,0.7390113179929241,0.01319897117115628,0.04341325301857989,0.2895213126971138,0.3306901389276522,0.6894313525707169,0.2543613960048407,0.43343025635835364,0.30798467566483184,0.6990770446428655,0.14008072967308643,0.47788338872886676,0.18750736424417921,0.19496817683868756,0.44608673917117175,0.7097185925437484,0.480541962067306;33
0.3694697696261704,0.36945371256239706,0.019736031472412426,0.019701324241688384,0.006320229668949869,0.8168924480591041,0.00628217260898561,0.04200259297147411,0.19650771363809075,0.41053139143876755,0.37015717780399543,0.3703444157988296,0.022228561913396973,0.022568688514047797,0.004633522171499195,0.820771097297725,0.009636529266752148,0.049936016915747825,0.1782055495353628,0.4279712025515693,0.3722037098101421,0.3724123684530745,0.021533288576650923,0.021992558699604033,0.00527242030367463,0.8248896177410157,0.008382767423030933,0.04592422165728965,0.18449718159840062,0.4701861617352616,0.37080144902871953,0.3710212039365979,0.021542869395196895,0.021980958931989217,0.004500221803554895,0.8189388275652256,0.00877490381344072,0.046408633888510555,0.1783612203267151,0.46410322601568604,0.7537358805147627,0.340750609880567,0.30141864893652925,0.460660374234232,0.6732065444772549,0.13123459283955752,0.4381438636262333,0.1975287062645282,0.27029935834623703,0.5566751908083502,0.7393747739610056,0.5641495880639013;35
0.48728734402073814,0.4871918683506461,0.2267445580493197,0.22667768903722205,0.00039619002596324613,0.8971377271605705,0.03319458941535717,0.05487143888476176,0.16348114919494108,0.08824262343682798,0.487180549946431,0.4869378822989993,0.22702292724738374,0.22588518607416366,0.00030613277669053413,0.8899487443873275,0.03820600048319304,0.0598564691339447,0.14462310779534962,0.13631195426905618,0.4880577671323645,0.48791068435881824,0.22639924565852124,0.22606698438724587,0.0005673777161635125,0.8773714987934634,0.033372853765173405,0.048279679029938787,0.18129870095840256,0.13218389335149142,0.48178810508070335,0.4817448779836231,0.2081015233396913,0.20762684532572112,0.0006175414513320402,0.8734895156106514,0.026469215833512902,0.04281093081315364,0.16578794110337813,0.15906976449465574,0.6177503327130939,0.7266849158430252,0.41337837556714935,0.5477260198756674,0.6437274157994997,0.29811106863193265,0.05086805540238387,0.3522609295330198,0.03701559632948097,0.4303117914404493,0.8662129045703364,0.7586353933395;37
0.577166943733467,0.5762135006862598,0.20886523597848825,0.20823800218975824,0.0032400225161462923,0.8081385819938434,0.004129921463342951,0.005773310766771313,0.24906238683866844,0.09745994889001966,0.5643946099256779,0.5632527324391756,0.18945217998790376,0.18801839614224916,0.0037500931683217514,0.783228867147222,-0.005643783723989993,-0.013210512728709349,0.2892296420655615,0.17149912305684792,0.571357968505001,0.5711934209170607,0.19573060583803026,0.1956239024856749,0.004260012679787694,0.7705753349276419,-0.003128729592105035,-0.010586592541740818,0.33033369512684513,0.16791542717720334,0.565551340854618,0.5663668654600064,0.18218583169399802,0.18253116606317937,0.0024234163039269815,0.8001351683131702,-0.004759480239687668,-0.012564545080036679,0.23156094762074161,0.17849439839395811,0.6936364367611317,0.4962240331000252,0.477732626017016,0.4030168479474281,0.5795094076604206,0.3478124627460497,0.10036303496510922,0.2846828489107851,0.12429679577333645,0.39262286381660333,0.7277083010251969,0.46079162434265614;39
0.5545337337504752,0.5546014057385555,0.2943976238276994,0.2946177020789714,0.000380077578415043,0.9693864281485507,0.07490303369422152,0.10882176974114985,0.23588413504206096,0.06825632356724134,0.5645525827606992,0.5643615929022703,0.3089356257604541,0.3080427963415613,9.185112103799641e-05,0.9766032612665958,0.08937830506217112,0.1296926906426998,0.21235110036709473,0.09094538159589743,0.5576537803424374,0.5574028748445097,0.29537625115270827,0.29528528888607714,0.00029029878326316383,0.9725598349511484,0.0745152469844862,0.10909625197488221,0.23042822098283125,0.09549272160182051,0.5710105902760952,0.5706969584849433,0.30518064385876226,0.3045776185323637,9.991677894957933e-05,0.978559210806676,0.08340894309353301,0.13157465313470906,0.2105449165620313,0.09664996938782765,0.6738574883845213,0.5750336465206882,0.3435997399101776,0.5698342567336794,0.44945499244417914,0.3310070869554627,0.2360110228486207,0.2695043078113577,0.2081285519605275,0.3056342704966827,0.5479878103336986,0.3541295591341383;41
0.40944797033905134,0.41006580825347544,0.2843853190188316,0.2856324526153209,0.0005305049911438973,0.962144631296589,0.05976640041631503,0.08889399630852637,0.254929404701218,0.06537927882468209,0.4168608991723388,0.416883541235511,0.2957869316497346,0.29517834898048956,-2.2963365095842017e-05,0.9865045999051523,0.07230691328007287,0.11158792940931768,0.20111972170409645,0.09467892194481833,0.4114618158096061,0.41087803833167397,0.2832925535895866,0.2824483344762466,0.00042053995323346546,0.9693607335579364,0.05747413356590872,0.08726731814562994,0.24158839389936204,0.09771670676824318,0.42112433903352775,0.41992190476939395,0.29036176690651344,0.28804029777113244,4.7905103833703865e-05,0.9899075493430597,0.06725589946749037,0.11111876537271544,0.2105766769187364,0.09727703143171429,0.613933796627953,0.68098265381813,0.3582761634265894,0.583335926407789,0.37726252698522883,0.37837432140897387,0.3520373563482851,0.2335175610225584,0.3873348573358672,0.6165449755862406,0.6431247345282417,0.6067563827182146;43
0.5456441515177687,0.5456360597466121,0.12265295513417711,0.12266696403206015,0.012603131785888518,0.6831676743502654,0.06198700850769335,0.10232951175242906,0.4629103799056233,0.07151862151308354,0.5778256319557304,0.5776218229588215,0.1671369440485492,0.16665092628849407,0.01075673943797205,0.677541754259224,0.08503837167775222,0.13743376437445065,0.45385930417629866,0.07052179925189825,0.5535182609084685,0.5533281511478687,0.12968346907049305,0.1296809088802226,0.011967161770556995,0.6790622941970113,0.06311995755134506,0.10436075986504612,0.48138603748141195,0.09718131550004563,0.5716779093207487,0.571500248594142,0.15202487401370943,0.15187505214938207,0.009682851722692622,0.6790194245605762,0.0699624465286522,0.12265759255914697,0.4446849634477407,0.08564882721061065,0.8364671620258182,0.4594821526518823,0.3787472453541203,0.47159364864377434,0.6466899508377517,0.041149590569183,0.17903572215129518,0.07208588461959266,0.002084071089001929,0.09607262734533609,0.5727007916219617,0.22658783349173298;45
0.5918833152331184,0.5915481820287956,0.06364979499943337,0.06302225665637605,0.016810717736535905,0.6477413019859972,0.036282500142649304,0.06527384253763191,0.46445233115983797,0.22409043400210088,0.6110098173951911,0.61055821818584,0.0903184385163979,0.08924411433917497,0.014697517818292332,0.6434495017862863,0.0478118383510353,0.08455440465112941,0.47544141602329804,0.23706109222552563,0.5993116362168597,0.5992073045411455,0.06986312176971282,0.0696909231307278,0.016036882148948096,0.6451826023135366,0.037288160646248125,0.06875442525567826,0.5030138345660489,0.2646153386255232,0.6120065246675891,0.6122253316215791,0.08805046130847494,0.08837122742083821,0.012943000633226131,0.6464837867113256,0.04281842440852929,0.08070212471043396,0.4637981358589356,0.24457444873497491,0.9037582697585476,0.17200793896420138,0.5990910748482117,0.169886621867495,0.6181399037835021,0.08655118932865405,0.17887198951916453,0.11708117842892969,0.04860066317938571,0.23694864975129307,0.6694148355869781,0.41137910634907154;47
0.5732735223878574,0.573381858968065,0.07357590680789612,0.07369990077906213,0.006726858468086288,0.7793129438964529,0.003631054264600416,0.018755528846105946,0.40711709149175745,0.27349113156012,0.5736797902326648,0.5738766638558722,0.07397462501773729,0.0740068156594461,0.004991657960997781,0.7969887406558496,0.0052388172264972,0.024630532533217526,0.3751118113901433,0.36915022228612443,0.5742770403051651,0.5743700337718591,0.07189173464109132,0.07204812794685758,0.005868216729555659,0.7862159940914579,0.0038774627358518564,0.01981857753035247,0.41009549142867907,0.3673658579106257,0.5741549588338254,0.5741347838947617,0.07082419570245216,0.07076742084553357,0.00443705346782069,0.7987974674325212,0.004755993973617751,0.021867407845282273,0.37190273896796494,0.38199952363513595,0.8655084629618015,0.27934120067556517,0.4166266241579272,0.31262041569645066,0.2854151821426363,0.563710422036507,0.4827940303458239,0.4273307373497311,0.48138982965818905,0.6231675991412153,0.4216835460920532,0.6455983655651788;49
0.6672028445574408,0.6672809768914103,0.09780958339563531,0.09790803614120493,0.004008225303029953,0.838022071150324,0.0036966014782319487,0.02516199025466492,0.32795242915171907,0.2373120059383388,0.6672793123437948,0.6675393629435553,0.09713728794228103,0.09726229073099946,0.0029100565951578694,0.856228534858316,0.005518199367111407,0.033188579544325796,0.29583244040316403,0.32455161840262187,0.6679183258435405,0.6681035630385099,0.09564281295990607,0.09599279851378073,0.0034740116041137347,0.8475430456132128,0.003988444705054271,0.027037497961475764,0.3245877432479484,0.32108594870270674,0.6677589602347813,0.6678625152273221,0.09309056885488376,0.09321976726052826,0.002681003692580913,0.855424372393516,0.00497695143612272,0.030008101350641823,0.29769261119955814,0.337351099221486,0.8721388221937254,0.284419436673917,0.40539028929622656,0.3194344845942963,0.3214199017696404,0.5342042009348952,0.4408852700788861,0.399375436148022,0.4205608953422695,0.5722674398151659,0.4851063485774612,0.5873660688870909;51
0.341430774352431,0.34148239092071386,0.33877716099070154,0.33907193719479073,0.0037567207435643653,0.8388453824963684,0.24677702151778808,0.31250065477359096,0.1708314167268133,-0.003610940961452303,0.3508493939202945,0.34849266925039146,0.3648367667947111,0.36219079191771025,0.003909788265394904,0.7928412364483186,0.2534788145151369,0.3031712607957968,0.23688686453033392,0.006982736539418298,0.3222742650657404,0.31973319984267584,0.3094129561153296,0.3070672396999231,0.003606922069925613,0.8214061622485052,0.2190592899499172,0.2642431355871196,0.21569309082488042,0.0021501345226540964,0.33381428087092563,0.33136898757339506,0.3253412884733873,0.32303018173187514,0.0034820173374601727,0.792429935568547,0.20424128056840082,0.26796321938435236,0.22924445479807465,0.021333932678832806,0.6401842824559253,0.4443176234386062,0.45107836874810014,0.46748229246321227,0.6185322794563275,0.07412357841775975,0.07835774460450477,0.08655872421375532,-0.03014805518282389,0.05186904911183218,0.5791322020788507,0.2629641929482598;53
0.3587979375346796,0.3587311211195113,0.0858880698607716,0.08588595355753072,0.004858283701639722,0.8628199719125194,0.01956295583379596,0.0689959587193352,0.2830678522612057,0.1375646249117103,0.37876499908885475,0.37871595300568855,0.12494871200731579,0.1252466413186138,0.003901796963582077,0.8723767647438048,0.039858700288872825,0.09965525116872218,0.2985163624291214,0.1434535027386346,0.37112681541899006,0.3711381884273254,0.10544681471032687,0.10610014107942034,0.003385476812554677,0.9021915396551828,0.03215506980526168,0.09177805324891505,0.2596892826365768,0.15059753583964888,0.38036884494527834,0.38044604569248075,0.12123286831609673,0.12174729407098468,0.0033989116526094215,0.8706823326003637,0.03681374410117705,0.09737803337935988,0.2874284781761023,0.15140581273061865,0.7389729817670794,0.5255574028780634,0.2158557991188912,0.7207637397656954,0.4419960320970013,0.6114378913366003,-0.019605008426602344,0.5123560869800816,0.1656289847224263,0.40947348614303647,0.7698156038864205,0.5490719127719023;55
0.45702414635033756,0.4570293045865018,0.05178547870521504,0.051813433276875105,0.018264470618493206,0.6480755829883367,0.0034620247340975243,0.00998288536027103,0.5733875458362001,0.3454423449110225,0.45743942056891246,0.45722611972006244,0.0530796862496643,0.05256210183778194,0.015043878176317292,0.6528284492486309,0.004450258174929411,0.01135270298582944,0.5745896095011653,0.4407259678821353,0.45752845599057035,0.45732439551683474,0.04940518786799533,0.049069624001910415,0.01739498952284257,0.6430384639325234,0.003204516522714322,0.00917039693497408,0.6181424849380963,0.46712516371745993,0.4575770688528085,0.45736808130386253,0.05025074800383604,0.04985819749630117,0.013916172252365985,0.6518503057151577,0.0038592208491190086,0.00842942298833006,0.5822824693938108,0.46324597842800663,0.7550285602437207,0.3296196308405252,0.5992354752416815,0.3084543604342973,0.8522316104735844,0.6857895683790382,0.7639585641785573,0.6410766436120249,0.19244279027652342,0.47511328967022864,0.7473135035396979,0.5717029534240219;57
0.4906653607199278,0.4906704911486552,0.07036306616583189,0.07039640916801747,0.021978699651705017,0.6345017287352128,0.003876388052455189,0.007945109702553717,0.6667181146924122,0.2880754510430024,0.4910607185357802,0.4909082990073072,0.07121318381013338,0.07078881923659634,0.017310180646596517,0.6436602733652478,0.004776901644095334,0.00943181430378379,0.6610479336315488,0.3896063245231137,0.4910098890646428,0.4908652375751631,0.06760199499247438,0.06740897935411276,0.020455833767419752,0.6295023097968969,0.003457648988743712,0.007126607804500645,0.7121278995845455,0.3977075905206287,0.49122056661564173,0.49107124725273354,0.06772649848695395,0.06744442082914162,0.016177222760792764,0.6423724341469096,0.0041542311135883015,0.006553140494596526,0.6712632098937376,0.4086420486080111,0.7604027845536304,0.3460288598620189,0.5918618015803545,0.32197430134895616,0.870479156218576,0.6891744149167542,0.7607382245352237,0.6194063668391537,0.20518416205846016,0.4636170056211664,0.7212881708222459,0.5224775663041914;59
0.2393093610441177,0.2392798573961655,0.11540362132629821,0.11537613955843766,0.009211512900222414,0.7590843524595129,0.04431074830636196,0.0656970667952981,0.381558831621752,0.1019953725310138,0.2468311900063423,0.2467901470968544,0.13279326108840886,0.13243414998788205,0.007296274253173982,0.7654753152252379,0.053660533151117136,0.07779600038550182,0.3629270836829398,0.12881808486566854,0.24183132302317606,0.24182712742723592,0.1166963546635143,0.1168057613606004,0.008299542157119142,0.7622975961905296,0.04331848227680776,0.06526380667160679,0.3841586741811066,0.14203585282699854,0.2480141452825207,0.2480322709709138,0.12854211565574075,0.12851091575026283,0.006535280372726181,0.7693953619460419,0.0494423238983165,0.07631394188250264,0.3568599496022077,0.1312148907158035,0.5517242274640742,0.5279517061545813,0.622344113783477,0.5230342544909752,0.7076750923013514,0.5267321425606397,0.7658268551623334,0.6609368067544287,0.044229431054232965,0.16636338997436464,0.6041075277609433,0.2903921202871266;61
0.31058844803293506,0.3105911824936712,0.110073544742957,0.11012218621013994,0.009945688621099735,0.7483455332788214,0.033802330127520853,0.0523698434244772,0.435176532725764,0.11027362403387081,0.3173135557031312,0.31750294537303664,0.12500114824609937,0.12509044767247426,0.007550137075465413,0.7618999911563556,0.041955494828708764,0.06472785400537485,0.4035889249972351,0.13765089650924625,0.31477766215949426,0.3149740877692944,0.11444832026230134,0.11492295832503906,0.008619433316401593,0.7613461709333869,0.03548565693415473,0.05693741006208995,0.42239299876902064,0.14266544033066744,0.31715972945429993,0.31733864017919317,0.11895012053701289,0.11916784395826438,0.006706155658179877,0.7676271143074027,0.038071786568000095,0.06272941336870935,0.393852392080328,0.14293189341972076,0.6179075377654921,0.4772998960566431,0.605344787338112,0.46104935542382836,0.670534588930271,0.4829896025271779,0.7290565796679743,0.6456692506538793,0.03328363929610796,0.14035626297074386,0.5897644185003528,0.262754742528492;63
0.5463154353460289,0.5466241817887006,0.07842637464988657,0.07901709233990264,0.02428560382622763,0.6894618775593613,0.007601384322937754,0.01009879439057892,0.6614279968224176,0.2731396936547336,0.5511542179227761,0.5514656777098066,0.08654115857197006,0.08693274525644884,0.01616115886898689,0.724666146959553,0.019759378127287383,0.027869082637237787,0.5816817800215349,0.2165540010699715,0.5557499761697665,0.5557595425763401,0.09092419024467797,0.09103997334616107,0.016851580744350822,0.7328072708698741,0.018785510117097025,0.02815955105872776,0.5566368034305872,0.21709118246384568,0.5496804981268563,0.5493862981891082,0.08031069058870668,0.07977923730454935,0.015264974931218936,0.7184034572317328,0.01512980520551497,0.020566452411086216,0.5927376574585766,0.24736852999899808,0.8076707115236607,0.2948343920859139,0.3900174718497611,0.36172308188630387,0.5278725218510494,0.309675528340677,0.04495716603265391,0.23598290093391142,0.109554424289945,0.37639216794077446,0.7203222134576334,0.44918979031901163;65
0.4773947487620812,0.4772613663548958,0.07298038471553596,0.07266237759681542,0.012515038866031648,0.721730197364949,0.020009335139471382,0.030322117300672836,0.4715170103463142,0.2093029352701935,0.48223686119900294,0.4821821889161539,0.08114550357095218,0.0807428562638607,0.00992898339304009,0.7379894840313401,0.029195137398712823,0.04460011842620779,0.45373452126038377,0.22801754461944096,0.48465744893166607,0.4847381803571184,0.08150499771054417,0.08167902595686169,0.010033594468831496,0.7526879677090291,0.02819386900893925,0.04464099360691227,0.4337218171537928,0.21873712686144656,0.4835797291486813,0.4837985274503494,0.07899065182236385,0.07938538056679297,0.008931723661695526,0.7408418526598559,0.026955232846676908,0.04257582642572173,0.4411628641682377,0.22927166513894995,0.8244704960550087,0.5377701339100178,0.15690029149144785,0.7203871289880882,0.5019400097293513,0.4908665571002991,-0.00406808530453872,0.3904429317024474,0.17771560261688632,0.7392318865407872,1.0017864131037066,0.9742976525486692;67
0.7224388482373127,0.7224080560058358,0.07477209906592194,0.07476205615383297,0.015664059629925148,0.6804651745126385,0.003280721517405551,0.008451608713914049,0.6320948690756284,0.2771908708062361,0.7233366074053366,0.7233620414656461,0.07489296942138367,0.07469040852144637,0.01215912765137528,0.6933794459704119,0.0054659864869192306,0.012377995465689247,0.6040708833496509,0.3587295538262147,0.7247427220760292,0.7248064297953821,0.07449641095510334,0.07456391129384915,0.013320439863291303,0.6918810145535819,0.004778969424851576,0.011763069672536994,0.6178296362975844,0.3532059569137902,0.723566005948255,0.7236570420561166,0.07123977464725527,0.07122848792421664,0.011046248413039528,0.6971671826625209,0.004655409162478612,0.01000400574703296,0.6007601869674869,0.38771864780821447,0.8726016009825874,0.3161852092148813,0.3449650432975438,0.43761791918718435,0.6205630347009552,0.1213912588727644,0.2971549651770279,0.12502259532666574,0.22461224304428376,0.5817794978766572,0.8149974291676559,0.6644388849802617;69
0.7226174328855797,0.7225966473515268,0.07854158652455422,0.07854930816900815,0.015314833452895063,0.681166401905006,0.003311044260802383,0.007937302146286717,0.6315724656329714,0.2764702488828401,0.7233395141782855,0.7233294494588615,0.07839876640729451,0.07815648337424835,0.011900571241579451,0.6938170931515725,0.0053917323169294555,0.011585316542608573,0.6034278595036682,0.35990759410441014,0.7249685337353364,0.7249871757637527,0.07826844647534155,0.07829164649420024,0.012958966588532048,0.6933836816106673,0.004883487248117963,0.011423139055573532,0.6143833448570897,0.3537699727651952,0.7236685556024312,0.7237051574919195,0.07469036819241359,0.07461756841318701,0.010784479161935808,0.6986379929397427,0.004733122175693225,0.009594723552318432,0.5978548483921445,0.3902959170234616,0.8700563558099962,0.31591858812885876,0.3481035913061273,0.4316380575558318,0.6171315394503472,0.09556359772635589,0.2925493637673666,0.10572156086307553,0.2193645929333699,0.5812531419077933,0.8159990446618588,0.6666891566550476;71
0.5871411404970668,0.5872110697642678,0.13038866889731873,0.13047852537875043,0.00825845508600501,0.7691061686704699,0.005111528492058638,0.016543919563009837,0.43354388376910574,0.17183272155715093,0.588354522353836,0.5886726602632198,0.13148520041078376,0.13167322029559014,0.005917256850838233,0.7901280072711895,0.0065735138467363065,0.022323813046859656,0.38157856135760465,0.2377636256008605,0.5879529950708291,0.5881965170614758,0.12814244062965502,0.1286521250186071,0.007686674520399182,0.7655674099936718,0.004746363460649404,0.01600152657845787,0.4448903186854461,0.23705261938224337,0.5885674318000067,0.5887375412857911,0.1256166745471316,0.12586672309016583,0.005467635487984939,0.7889634105369379,0.005600772713009484,0.018666525790854274,0.38912773756055236,0.2515508286841059,0.7808202758065836,0.4143288478092094,0.5111312461937857,0.3740747229869565,0.7958265723289557,0.26470731830574473,0.5992636705168137,0.3031198540456109,0.2148783138491924,0.6234223336496018,0.8671790062586613,0.7828916333673305;73
0.6086989062245933,0.6087968571526455,0.08533317941577442,0.08548814775188959,0.00949807740120576,0.7090382137599229,0.0019446550960454314,0.007723352936373086,0.49176898856227946,0.28709413277223716,0.6083042267776101,0.6085442494069419,0.08420710524573814,0.08428905168098226,0.007052969556298927,0.727663560177457,0.0032289604783128493,0.011427425236239607,0.4452214230321486,0.39794575092274814,0.6094743531451792,0.6096233358235366,0.08326967742831579,0.08348828035076339,0.009038440761858772,0.7058073852966825,0.0024536989789265985,0.007999162945970084,0.5115018376989572,0.3848877127895897,0.6087033332923809,0.608753262698787,0.0806348819305907,0.08060539700349295,0.006178252419776209,0.7313224005532607,0.002631150517399306,0.00878867190656811,0.4393479025058196,0.4131915496171506,0.8210827179592521,0.44044490312141227,0.3537288847672737,0.4330226492599086,0.8521816730282693,0.3058721369301316,0.6281277996903294,0.3432393224979611,0.348626807717781,0.8143103188533836,0.919483747820846,0.9279856955499014;75
0.49173262010929164,0.49175616551537926,0.09324040374483954,0.09326109682794786,0.007550867024218269,0.7692243350016279,0.005517247907719248,0.01980981566198761,0.4335900235971111,0.22594930952644474,0.4923064353926005,0.4916207037135467,0.09452704068032258,0.09316367613273809,0.005978332212104474,0.7758660970743871,0.006061707514201532,0.021955750330108714,0.4177618469404929,0.30851057209444843,0.49141329855747656,0.49071066737099955,0.08957502561695686,0.08850456692929345,0.007614780597765465,0.7592981974697359,0.0037153743167181747,0.01602754486135778,0.4758622996520911,0.31728628449002466,0.49300570319851617,0.49227521107350225,0.09085865267537548,0.08971082506983823,0.0056343421762942185,0.7770013335766341,0.006240571895917702,0.020446448337084016,0.42332141577561766,0.31448823654958863,0.781424083252849,0.41766782258087315,0.39704084989905747,0.4001150880742005,0.5909171503607389,0.24098004290825578,0.22398223513116491,0.21400754088707172,0.32942745946363033,0.7343747201998525,0.8889975900820704,0.8408040041530482;77
0.4552559672214192,0.4552559176659861,0.07276800387463392,0.07277124911750112,0.009580091729930362,0.7456152914284895,0.008732767635802424,0.023629715068729497,0.43936497496138555,0.267977829893098,0.4564458605948503,0.45607246703971605,0.07512026140020768,0.07440342721375967,0.007645066753538108,0.752343450388231,0.010170077910408084,0.026879866754800086,0.4230599310755049,0.3536785314216628,0.4553599082509534,0.4549935499175316,0.06941304113845076,0.06894594399339313,0.00950423844394567,0.7377444367429805,0.007157271322929461,0.02063280680358498,0.4748915344312304,0.3726827439426001,0.45734571046508127,0.45697551982395945,0.07261857754549784,0.0720865855435644,0.007153966807543336,0.7535544327744649,0.009818875787015856,0.025395546583723855,0.4271166878359918,0.3612403420562904,0.7909686546625372,0.37089531226502426,0.46526827983668745,0.36210777148155143,0.6227064103160567,0.2279197544253681,0.19694453438676413,0.219055951548528,0.2709514084036922,0.6918110075664444,0.8929860511716318,0.8277283281632;79
0.6026319133898347,0.6025960100800684,0.12278155487854214,0.12271235075895268,0.004096762645282009,0.8510745392555633,0.0034225373386224042,0.023765316828142913,0.3403120660598841,0.19535588589751143,0.602245695219018,0.6024893542846372,0.12179887086343998,0.12181078306636511,0.0033565033983891856,0.8616978467243722,0.0053945248759551595,0.03039807629342436,0.3294594197595478,0.2671723615944533,0.6035879512507362,0.6038739233723225,0.12075246330793164,0.12124985881413476,0.0036117350165185834,0.8535939533440594,0.0034667408584557954,0.024147781897295162,0.3381162010158327,0.264418255172293,0.6026423821948144,0.6029610571148584,0.11655664090697293,0.11695622776077272,0.002903916301186431,0.8674249071661633,0.005023523755302928,0.029039368086321883,0.3149920154000451,0.27797826779180335,0.7891494475936793,0.4809912787329138,0.29799582388663387,0.5169957505533804,0.3624271078261865,0.24626344501245662,0.39283753576962904,0.16980377464673538,0.6606424468396369,0.7703938850304679,0.390498862025239,0.7974562968783147;81
0.6482804035960505,0.6482131597180341,0.05393845542316944,0.05392236459899709,0.0052759826933461125,0.8214768858353558,0.005669606499497407,0.02906720953531425,0.349191209284007,0.2621424248066791,0.6473818861377745,0.6473669428059331,0.05179535131261,0.05183467478943239,0.004258081266865637,0.8338793344320771,0.00750650219665614,0.035646389138576866,0.3330530101448744,0.37214954574472137,0.6482990790506803,0.648359609424842,0.0508052821318249,0.0510471527258014,0.004414732333373553,0.827508660979294,0.005488956055750452,0.029526565158442666,0.3278935210170968,0.3673511226960799,0.6475954573602587,0.6477200489361108,0.049403611060393454,0.04959293859060801,0.00361762038671676,0.8405332971836047,0.007095979821761134,0.03453004645271746,0.31639505209315705,0.3853049448584276,0.8429877390601784,0.3897661631360332,0.33289148906441496,0.42690225347523814,0.3664446535946632,0.3613399702863214,0.4310739045884655,0.2428388665701008,0.5216577457821086,1.0862588988272555,0.9355064060333746,1.0533465894722949;83
0.42023003266059294,0.42026696295520605,0.20998223528098675,0.21018759276218255,0.001673791244650631,0.9036190382118021,0.08589004286508847,0.1375857773755982,0.19284038602423573,0.06507225390115405,0.44166847232392425,0.4418227358783036,0.24526691699291855,0.24511052997580368,0.0012905868130510115,0.904776312318716,0.10757560612101998,0.16690440598142095,0.17573524187876094,0.08116349953642962,0.42216736622358775,0.422296036619181,0.20967345260019637,0.21011524789645036,0.0016417569136082202,0.900843046723859,0.0825226384426821,0.13258435192342286,0.19926937580894558,0.09335572062977196,0.44154481404989376,0.44164618598324096,0.23403550084256608,0.23405066810112968,0.001170496136394422,0.9059151781213756,0.09535534385520017,0.16070234910741713,0.17310849235172376,0.0870918635841013,0.6709112425194435,0.5021672633401776,0.41095561860856106,0.47898931050469534,0.8253184468839351,0.5160467342051203,0.6193754608367693,0.42857970939810475,0.11540063135948625,0.2546364572219896,0.6164564778362315,0.3064066032773645;85
0.5073791910855019,0.5073867562354314,0.19676464326212706,0.19685451657729722,0.001615927454905208,0.9158192995596555,0.07609315734986884,0.1332583210612136,0.1865502006610676,0.07181931367414503,0.5273736902806668,0.5274516855343354,0.22474008509998097,0.22447770037204215,0.0011934907650638696,0.9181561359855146,0.09551651317952452,0.16197098620394715,0.1653786561903478,0.08833572325116537,0.5087757376961335,0.5088515111752866,0.19555760291656005,0.19592620785026515,0.0015477656896692835,0.9132462234246067,0.07232600458214801,0.12718052885663586,0.19389204579477123,0.10226244891038606,0.5274676114106421,0.5275352114861767,0.2147214536511208,0.21476127217779814,0.0011541717572904305,0.915244608182972,0.0845526815784772,0.1546022694510776,0.17215555134691948,0.09464411129760221,0.7281783665340342,0.4517186683663907,0.3991856777656364,0.4386142218922208,0.8057134452009169,0.48227327916609425,0.6086552306829186,0.40795355427613555,0.10476029879154407,0.24290125947721156,0.614492837547436,0.2963645292853866;87
0.20819001881615457,0.20796276751618625,0.07314429407420034,0.07240362271624662,0.002538342018014222,0.8134329167098155,0.009955115240361027,0.04246343084446887,0.24765777194701194,0.24715769301353738,0.20769663050581352,0.2072722410790863,0.07425999075231554,0.07266963375955997,0.0019521160516472896,0.8142342056289383,0.01150210125624745,0.04676624379191117,0.24066179527172546,0.32107684301635964,0.2075780318553862,0.20738234826912538,0.06780468219078391,0.06718889010587199,0.0022027589308652637,0.8134944527299052,0.00873087853080494,0.03997213556024059,0.25258137738140907,0.33899039237395256,0.20887833496225255,0.2089081331661736,0.07192489833837122,0.07196860789679715,0.0013297430599173523,0.8275045779367596,0.011430575472062443,0.04783033574580994,0.22202158718781362,0.32590469477896755,0.5548707042307992,0.5888164089242187,0.746520754822961,0.5703104083337276,0.6518872091782668,0.0037722351200170793,0.3338590189326817,0.03532424648768731,0.0109284831137684,0.02882499302117003,0.4486214379447651,0.05612476660015111;89
0.3582214799946942,0.35821031884401133,0.13496893881662242,0.13496936837444645,0.0023026185738844814,0.8398676593912564,0.037702004056169004,0.08782763505676071,0.2269564985903909,0.14874907543019023,0.3719233700933951,0.37189545022279885,0.1601596925979803,0.15976149444457438,0.0017514808661505048,0.8474796702695641,0.05129699805409729,0.11083608499234975,0.18813985308563846,0.18393937652078513,0.36629216444446566,0.36628110180929946,0.1458342936831514,0.14595648631287877,0.0016490149102294767,0.8524312343546632,0.04293652207434251,0.09679366338282565,0.19286721689602102,0.19255910166477258,0.3758056245353704,0.37579685847748623,0.15922695678170773,0.15914288092179701,0.001209048888156552,0.8598802576234611,0.04897979857682345,0.11375360426066224,0.17442500032715985,0.17470751558885006,0.7112379953268235,0.4868626830938029,0.6663379961495612,0.4388882643886936,0.6637307194436773,-0.039015289628791965,0.3597512880250041,0.024073384263983134,-0.01857441805222496,-0.026396323552769104,0.3796378703814249,0.0037932043747067696;91
0.2182099315574226,0.21844464641167877,0.33520585422782406,0.33583464992273515,0.005178824016825324,0.7831666684773125,0.20688597105321488,0.2173372059128961,0.2700867337824528,0.03164738776323636,0.258392879836306,0.25838922367719774,0.4124359716847538,0.41119559108609816,0.004255772734248753,0.7839745197190429,0.254409279501853,0.26877809991769014,0.23043167769082762,0.04845250607256654,0.23477026118281097,0.2345046980509716,0.36438323639188785,0.3636812017688003,0.004486210765569256,0.7893616367324866,0.2147714175010899,0.22879632196143032,0.24032498387038587,0.04933266861537198,0.25115563402547236,0.2507819673822561,0.3858510251530657,0.384680383483051,0.0038476450698184395,0.7842024135292948,0.2156824364586426,0.2484683031575937,0.24165772360063967,0.052938193711713995,0.3882411767974973,0.5840839543874999,0.7213549358264247,0.5869203712490422,0.6971509367543754,0.26066578502843196,0.5408286600193726,0.32460753953248334,0.020612154265064124,0.10218055381879695,0.5529376237632306,0.18993486965571346;93
0.3572963892128041,0.35718710259622244,0.21424446025148391,0.21393936018442497,0.004643489470257213,0.7843764110804289,0.1046809689404193,0.1264479691160907,0.27795652332692544,0.06609606349824791,0.3900183089600581,0.3885596009215252,0.2729236743996401,0.2692620927431273,0.0024291916942076087,0.8254855384955417,0.1412437201411352,0.17576787057511836,0.18851375382541286,0.07893641146791192,0.3663256131234569,0.36494765290463965,0.22633026576889143,0.22363091082285685,0.0037755233962524642,0.7948921573400949,0.10745001093370692,0.13187087903994685,0.250760124677641,0.09610224378091908,0.4018283532984165,0.40058274348412465,0.2803428780196236,0.2779138539299087,0.002693592452859332,0.8080942410647627,0.1390216470290546,0.18208649383350384,0.20973001490431864,0.07964382219458715,0.5904996215926527,0.5192683275892117,0.4187839024442696,0.6302201059986049,0.679872757918632,0.2942843853705062,0.6844155479835528,0.4314111826878302,-0.0021801841968459154,0.07313360140727912,0.5504992532561833,0.19733664043669785;95
0.6517820656054796,0.6518258279153163,0.12226918901407871,0.12235962633909876,0.0005773277217732723,0.9334900450568485,0.006367445439252866,0.04180468490914,0.18356736638042667,0.159245654996811,0.6527831795303684,0.6527332664112293,0.12434978365157189,0.12395670673746512,0.000260601573409587,0.9492608420425668,0.010900634637988332,0.05558312534626194,0.1597040455531549,0.21000221065507235,0.6513717320172908,0.6512844807093509,0.11940740871396627,0.11933971064076898,0.0004172636930890626,0.9426807799464991,0.006545609608398001,0.04378232148086753,0.16982456559004044,0.21985128804474963,0.6528977562245405,0.6527673113081678,0.11903671353503202,0.11876136235586682,0.00021462200278799488,0.9524864681079467,0.010352627943446923,0.05430238242319482,0.15457852568624394,0.21710897545459634,0.7957811774241432,0.392802152393532,0.3998854734089036,0.3765454394715185,0.7726717308493743,0.2631510138968709,0.5724571020041743,0.30126089332781564,0.21975961708925634,0.48721574410389734,0.7270933099841949,0.521307772241413;97
0.6516146312182706,0.6516933409095506,0.1093297886724007,0.10941043169814565,0.0013851107327550536,0.9119670470655932,0.01624437291858422,0.05475296756350437,0.19024953283520943,0.15608959438737943,0.6566309034712993,0.6565564885335141,0.11554019543935619,0.11520812075639703,0.0007577337777782177,0.9305053529412448,0.023194980714344,0.07236159151563908,0.16217520098189625,0.1893661110928445,0.6501872521229931,0.6500542463810678,0.10449378102091039,0.10449936947964396,0.0012809210552809924,0.9148507155065182,0.014248844423067553,0.052247700785040256,0.18867477714305292,0.22623969874472286,0.6551637414528549,0.6549360403417991,0.10811593434405,0.10789227582392824,0.0008650524666702451,0.9286532080839239,0.02051309043995943,0.0680562739895436,0.16937547615897475,0.1977823989008653,0.8150019034202702,0.3609873617076521,0.4072683762718819,0.35504506112738105,0.7582498520302956,0.295115700832987,0.6006976360215388,0.316644894383695,0.20230559385754632,0.4820004377740513,0.7215087868469375,0.4961297741330966;99
0.20672447512231176,0.20668369181095653,0.030798486340975876,0.030778189145443287,0.05025823990511058,0.5508847858810808,0.003577355889555523,0.007959691205188864,0.7188873377411545,0.43925474817924515,0.20678359993176007,0.20739713615030975,0.033512648066419216,0.034987463960106394,0.0389813955639996,0.5735222327055661,0.004767015830322315,0.01103904277292975,0.6837709730617862,0.5157101411366434,0.20772540332001307,0.2083846628523123,0.029231393419525003,0.030849561901037402,0.04580720425042068,0.5611367132215576,0.0033056338182063318,0.008968209450660805,0.725197020098366,0.5536512582288609,0.2075900542706322,0.20828702947511435,0.0325644570861188,0.03409609067767775,0.03554446417415407,0.5745300245022376,0.0045553345335573574,0.008968058623854776,0.6921100562770987,0.5254376583707071,0.5812946149607207,0.38166649922205764,0.7552952598627275,0.42832254068131154,0.6877552103272119,0.0764631840194724,0.42785071793704477,0.11525097319547765,0.02244972042204365,0.025194161349924606,0.49259505404768256,0.08282784459306536;101
0.20613618475398832,0.2062858601443527,0.03603925282911468,0.03662148998765074,0.05221895411919184,0.5449794137332852,0.003778545481178162,0.008515664572698079,0.7232150284362827,0.4266527484456501,0.20617008031318726,0.20687759743504686,0.038841320704896924,0.0405962563759733,0.04089674822061239,0.5662523522127229,0.004850123185992663,0.011222829968744776,0.6901159182053886,0.5032100256515379,0.20712935359138163,0.20769182563928087,0.034557735661933243,0.03587088833265394,0.04804016643413568,0.5528663956280084,0.0033169905367673473,0.008860618727899491,0.7376193667537787,0.537356365495939,0.20706468969696754,0.20747343819167616,0.038021537372514555,0.03867605728866715,0.037285514685435235,0.5662057001520868,0.00459704426719233,0.008950219495520844,0.701479434569264,0.5131137593059857,0.5801947936384186,0.405848705721625,0.7759906579209319,0.450531791088009,0.6831865544575657,0.06376713122912732,0.42067395590390283,0.10881189569012077,0.017745053089314497,0.014261017666444352,0.4878084647946402,0.07383117483237428;103
0.6477658325913691,0.647788730041281,0.06448282732387536,0.06451427356426342,0.004090031897800351,0.8188836409920759,0.006965635791359335,0.03383629767082776,0.26829509621188036,0.30165411031313616,0.6486734993243053,0.6485759000040334,0.06490086624042234,0.06465860719508214,0.003277706086129593,0.8314621211347444,0.011351420400292217,0.04659049548845701,0.24613576035659174,0.39369662917506476,0.6497783833788463,0.6496538178757933,0.06396663314489215,0.06388434505946625,0.0037833753837062632,0.8268342694766865,0.008507429812797524,0.03776722573041571,0.2671125114510051,0.40068210840328955,0.6490390547772282,0.6488942934532497,0.062058681579563735,0.06188804553533612,0.0029633376032579587,0.8253743979900737,0.008513705508475472,0.0375395064032211,0.2548963076282207,0.4056560274759823,0.8741087895866781,0.2838844727129514,0.4044991498664523,0.3398572203259437,0.6667365660039177,-0.025738299855067124,0.38422526963499637,0.05834123202484812,0.1898375094745558,0.5065865352608666,0.7849628790389019,0.6321527023068628;105
0.7123228733632472,0.7123770830029359,0.021863797394259765,0.021882440808420566,0.011133010449487083,0.7647148683446219,0.006234041276137309,0.032308272950627645,0.25164770727571667,0.5604681537861044,0.7135170534172407,0.7134061256426713,0.02191936435410789,0.021795739708333914,0.009542118374551866,0.7485402475798334,0.007302764313166258,0.03219037162635063,0.27850643934666375,0.6175722497186736,0.7147013205813924,0.7145324516111202,0.021370714984630407,0.02127186901689621,0.010010831903735414,0.7510145541660853,0.006486959530779096,0.029842690724495868,0.28940052789138004,0.5832702918164545,0.7148418657660542,0.7146235292002132,0.022086829482768112,0.021976031688570565,0.007791897537642956,0.765994066793504,0.008146852327961786,0.03526840695150014,0.24528980234514303,0.5627805793566648,0.927099555875919,0.3082986864442703,0.2989489653173203,0.49971141714287914,0.5934825660195618,-0.06483620394916846,0.338821836610524,0.03241633952503987,0.21707725546027304,0.580079854157907,0.8816235661106693,0.6992290813947304;107
0.4764434340239971,0.47641385882955,0.6345015222302123,0.6347047441372725,0.034690347116627225,0.6297635535930749,0.5515194243457245,0.5824825855691166,0.09252250378293682,0.01868077671056884,0.508974467939394,0.5092191330524081,0.6632671232012307,0.662743250548091,0.040587850859210496,0.6071763805172505,0.5686026296909737,0.5993791716763852,0.0951124773822738,0.031630034392179096,0.49312024432891305,0.4928731825351566,0.6492410041966796,0.6492060463040672,0.033708663977856636,0.6225750356670333,0.5447751106859322,0.5746596453888574,0.09254748087270166,0.03142299729874466,0.5428737696092172,0.5428997659495903,0.6689275899091853,0.6686951164043154,0.034343086494348786,0.6110333480268563,0.5541835319483803,0.6357963206146728,0.06279455780915259,0.033321223079919894,0.4448991923736831,0.3595561635928613,0.6851764893157478,0.4045217451180974,0.6614491374860852,0.08785918670572018,0.4278739872342214,0.16871146989307256,0.013289394960366912,0.02638576332258309,0.5013335707031391,0.09719394769799754;109
0.06239778469087624,0.06035907191738178,0.14484711867962358,0.13853839815879268,0.018899260956873137,0.5179120084942898,-0.00042286079507554636,-0.010557123491116531,0.546078656350115,0.14176912015331924,0.08332991713951368,0.07940298269554646,0.1995896514360045,0.18611565323599227,0.013568041136810774,0.5740204565161537,0.014180230800409878,0.02482394576287531,0.30845792035078395,0.12039995804363646,0.08976964885761739,0.08787602264304567,0.2062314466158372,0.1996308451428136,0.009773154602098174,0.6026782108932723,0.01879754869238341,0.03695636672375104,0.22735349249338976,0.07846131087722658,0.0815339885030891,0.08169225056704885,0.1842650475024676,0.1837873283881428,0.012702023139388936,0.5755024609743983,0.012393001645555065,0.018446291726907107,0.34299695255928114,0.1277630375143742,0.29058742713726693,0.575903212069522,1.077682472828107,0.6569070163891049,0.6666666670000007,0.2699834239825524,0.5594044339906996,0.3192511949366709,0.023696994260445466,0.0035503801676661237,0.48844377310385817,0.03016081478193356;111
0.6830727669275727,0.6831545922120064,0.050125005368919,0.05014717656276256,0.0027840710368477913,0.7768332823730508,0.0013033340034081518,0.013581565404879889,0.34647194542278775,0.29809209372782014,0.6824098418457549,0.6824376601021498,0.04853914368153485,0.04847340987878023,0.0017819139167970697,0.7854105384143368,0.0020812545525660886,0.014928218168897332,0.30310897494842765,0.45876833326768807,0.6837295898315051,0.683678969012765,0.047998304214347885,0.048071804971116835,0.0020272686580070404,0.7862480301302233,0.0015258397032915114,0.014119836523783711,0.3201650054424474,0.4494514080166592,0.6827377319194372,0.6826062730886473,0.04636905075423229,0.04637393083755313,0.0014458000298471952,0.7957761806957387,0.0022173572200510396,0.01543202910828237,0.28732273622940596,0.47840087086435296,0.8840967271260297,0.29171284482868576,0.3922172571712249,0.32300615546794065,0.7375638173076069,0.1084868243240807,0.4993196540997464,0.15110920301886532,0.11216710396034013,0.2705439523116744,0.5854802995513854,0.2810534480823174;113
0.6037176788339,0.6037298743434202,0.051415548594117864,0.051410257860583806,0.007218419719874556,0.7606222444049326,0.012785172720876817,0.03719662027224512,0.3229026557857525,0.3104459943891469,0.6048774747265487,0.6048430571903328,0.05251425989144233,0.052382255501173876,0.005668830379194988,0.7573949002654299,0.013724775181221638,0.037788392194006516,0.29480304636974347,0.41078036103318555,0.6073221510178688,0.6072587921884416,0.05299994684954711,0.05298242165068683,0.0059731004291482,0.765148424098203,0.014162009361332453,0.03939778870470824,0.2979391070142381,0.40184431610664945,0.6094185766312595,0.609343256851215,0.05637757238702046,0.05631575258716842,0.00465410275942108,0.774582355854218,0.015630877160750248,0.04428007504321123,0.26293893760879206,0.4178383678257482,0.8933473384060581,0.3091125680414898,0.3696366860405586,0.32951450082918243,0.7265650878045298,0.109213541920897,0.42646390672948137,0.10787151855138258,0.09798337106583153,0.20606380508515415,0.591275395552721,0.2153404645162166;115
0.2530349608788109,0.2529204373819524,0.05447997395873476,0.05426078773178741,0.00448734723652009,0.8124777083195189,0.006938012823129584,0.036524819774507944,0.28070465171806014,0.20905123373811876,0.24921087537478365,0.24987268628786782,0.04916050018204598,0.050336371479107384,0.0042614601347222185,0.797921162544846,0.0025313800499761527,0.03204998596552227,0.2904649092500458,0.2683607326840265,0.25122431627770986,0.2520126267256376,0.04728371121143371,0.04890302801974277,0.0042083982261811575,0.8078977133593628,0.003362163860301203,0.0320644462270154,0.26891768469263655,0.2933696080143907,0.2478169640264331,0.24869154407190486,0.04317581215087946,0.044765565374146554,0.003987738798386941,0.7984166516428091,0.0023956886400361226,0.028499228313920804,0.29165137223770365,0.2823456237081736,0.6057286453274331,0.5914095155866641,0.25535516783960766,0.6562463547914605,0.6699279359957186,0.15452953361089344,0.5234764987948396,0.23483575309474816,0.004784668003708048,0.09618990511568608,0.5664587886069272,0.1953239788172853;117
0.2823304234179154,0.28242296029711145,0.2374191920962642,0.2380397853171406,0.004898073636977821,0.766576179479755,0.17289081831175498,0.19553454717971622,0.2573430444002365,0.015793971618687796,0.28213452569641945,0.28219358839724085,0.2390519331978282,0.23901828989897908,0.004932077609574285,0.7467219317463698,0.16561125039439506,0.18451839425433503,0.29347228621545335,0.039219733803359,0.27557407275317014,0.27558109175175094,0.22118856049041516,0.2214815412483362,0.0051450926020284145,0.7563751534595464,0.15034609681340852,0.17112246075701867,0.3017363486852892,0.036286081557880184,0.28426878899094643,0.2842161263402436,0.23169193927474024,0.23126886012132122,0.004283938310865512,0.7531559371564096,0.1520142917357516,0.18420357187398517,0.27833930803311385,0.041879822202326895,0.5558680789419759,0.43978778823796816,0.43061682235051135,0.3935065904513515,0.6896502653610327,0.033461706172056876,0.517673511270741,0.10314746490975826,0.010547355993466154,0.061917634324165895,0.5255892808742403,0.1248370344542872;119
0.6362312709456653,0.636244500495605,0.08957261738035847,0.08961672013437501,0.0032641999397153456,0.8472744956379341,0.017632975660812643,0.04748440043121454,0.2639549859546961,0.1796023366713035,0.6408129710961651,0.6408397869614259,0.09474822666840177,0.09455897138939148,0.002637755720931946,0.8501008611841467,0.022572279323655478,0.05610775913054057,0.24881480116422014,0.22671000814807338,0.6389232817741956,0.6389397789866949,0.08991145343259549,0.08998313282786449,0.0029578479845601704,0.8486302008729694,0.018750998031900765,0.04849841181669545,0.26591018587243487,0.23509655732091553,0.6414677668579969,0.6414683399958558,0.09117970043033319,0.09110303351898513,0.002440298516546021,0.8487520621958677,0.02020335261172901,0.05244173281154733,0.2520848148552831,0.23669183540288555,0.8505947118748372,0.47677049658518367,0.21393806995155032,0.6789140621564211,0.6941781108016479,0.18554917665305637,0.5029169122015689,0.28174288389008617,0.1534061567716254,0.4543766328877938,0.7741344096015681,0.5817596378469351;121
0.6352038603283857,0.6352368435321577,0.08909388687500318,0.08916982720157968,0.003221636875375532,0.8466444992959126,0.018605450131298523,0.048953536712650465,0.26055358148999813,0.17379144634415442,0.63998481757145,0.6400535869067153,0.09459889772641168,0.09449461570879159,0.0026121332572553104,0.8491930476525126,0.023759055383343154,0.057792077597194416,0.24589405921707314,0.21650473623295516,0.6380073881263659,0.6380451215911525,0.08956884605245194,0.08969050311544167,0.0028954738661836972,0.8487280266305912,0.01973524938760333,0.05012248013798176,0.2608881443682481,0.2272931077856134,0.6406740739065188,0.6406749946074499,0.09108901645259201,0.0910278823752449,0.002418318193391005,0.8479146469874802,0.02125745284955226,0.05415577672097922,0.2491776285948027,0.2258343083349434,0.8538791812550882,0.469181026189842,0.2150491958680553,0.6748610257584562,0.6911214066616039,0.18835971338379653,0.5037555150660928,0.27799414880010437,0.13776309492469554,0.43809060315826587,0.7740239441906074,0.5641781572016157;123
;2
;4
;6
;8
;10
;12
;14
;16
;18
;20
;22
;24
;26
;28
;30
;32
;34
;36
;38
;40
;42
;44
;46
;48
;50
;52
;54
;56
;58
;60
;62
;64
;66
;68
;70
;72
;74
;76
;78
;80
;82
;84
;86
;88
;90
;92
;94
;96
;98
;100
;102
;104
;106
;108
;110
;112
;114
;116
;118
;120
;122
