001_0001;0.688675395;0.688669315;0.176684504;0.176665078;0.013370989;0.013370989;0.005832768;0.038528291;0.275804676;0.184194632;0.688675395;0.688669315;0.176684504;0.176665078;0.013370989;0.013370989;0.005832768;0.038528291;0.275804676;0.184194632;0.688675395;0.688669315;0.176684504;0.176665078;0.013370989;0.013370989;0.005832768;0.038528291;0.275804676;0.184194632;0.688675395;0.688669315;0.176684504;0.176665078;0.013370989;0.013370989;0.005832768;0.038528291;0.275804676;0.184194632;0.765306122;0.42517189;0.339004059;0.474067763;0.705882353;0.25660012;0.493548883;0.253498822;0.288135593;0.428478413;0.641690424;0.398750107;1
001_0010;0.466450285;0.466445477;0.087856666;0.087847307;0.051838566;0.051838566;0.005232981;0.018627286;0.490201762;0.308838236;0.466450285;0.466445477;0.087856666;0.087847307;0.051838566;0.051838566;0.005232981;0.018627286;0.490201762;0.308838236;0.466450285;0.466445477;0.087856666;0.087847307;0.051838566;0.051838566;0.005232981;0.018627286;0.490201762;0.308838236;0.466450285;0.466445477;0.087856666;0.087847307;0.051838566;0.051838566;0.005232981;0.018627286;0.490201762;0.308838236;0.704081633;0.346229898;0.489445334;0.298733529;0.735294118;0.25660012;0.475261433;0.237261728;0.338983051;0.504859201;0.656264457;0.484190499;1
002_0001;0.613364015;0.613364015;0.327855283;0.327855283;0.089240287;0.089240287;0.25091038;0.412711398;0.010661341;0.009595524;0.613364015;0.613364015;0.327855283;0.327855283;0.089240287;0.089240287;0.25091038;0.412711398;0.010661341;0.009595524;0.613364015;0.613364015;0.327855283;0.327855283;0.089240287;0.089240287;0.25091038;0.412711398;0.010661341;0.009595524;0.613364015;0.613364015;0.327855283;0.327855283;0.089240287;0.089240287;0.25091038;0.412711398;0.010661341;0.009595524;0.765306122;0.262060843;0.472686688;0.276644218;0.647058824;0.06415003;0.406495035;0.129812281;0.084745763;0.0625;0.517266399;0.103801585;2
002_0010;0.400370942;0.400370942;0.328474169;0.328474169;0.03553849;0.03553849;0.117056048;0.213445088;0.113091765;0.066487774;0.400370942;0.400370942;0.328474169;0.328474169;0.03553849;0.03553849;0.117056048;0.213445088;0.113091765;0.066487774;0.400370942;0.400370942;0.328474169;0.328474169;0.03553849;0.03553849;0.117056048;0.213445088;0.113091765;0.066487774;0.400370942;0.400370942;0.328474169;0.328474169;0.03553849;0.03553849;0.117056048;0.213445088;0.113091765;0.066487774;0.530612245;0.559787058;0.730064926;0.430908296;0.647058824;0.15713484;0.461841829;0.20485707;0.084745763;0.082679728;0.533019769;0.136081539;2
003_0001;0.536866333;0.537391856;0.221443792;0.222122519;0.036932193;0.036932193;0.121384168;0.221399174;0.15454884;0.053848885;0.536866333;0.537391856;0.221443792;0.222122519;0.036932193;0.036932193;0.121384168;0.221399174;0.15454884;0.053848885;0.536866333;0.537391856;0.221443792;0.222122519;0.036932193;0.036932193;0.121384168;0.221399174;0.15454884;0.053848885;0.536866333;0.537391856;0.221443792;0.222122519;0.036932193;0.036932193;0.121384168;0.221399174;0.15454884;0.053848885;0.744897959;0.337504908;0.471909478;0.284288417;0.647058824;0.12830006;0.442990237;0.181471082;0.084745763;0.088388348;0.502616455;0.136598933;3
003_0010;0.665184892;0.665111215;0.291548433;0.291563343;0.074352065;0.074352065;0.208927718;0.343345957;0.145362106;0.017394766;0.665184892;0.665111215;0.291548433;0.291563343;0.074352065;0.074352065;0.208927718;0.343345957;0.145362106;0.017394766;0.665184892;0.665111215;0.291548433;0.291563343;0.074352065;0.074352065;0.208927718;0.343345957;0.145362106;0.017394766;0.665184892;0.665111215;0.291548433;0.291563343;0.074352065;0.074352065;0.208927718;0.343345957;0.145362106;0.017394766;0.785714286;0.249021424;0.538028453;0.209200502;0.647058824;0.06415003;0.396365751;0.121860942;0.084745763;0.125;0.575644927;0.231580661;3
004_0001;0.56205182;0.56205182;0.143659006;0.143659006;0.00849061;0.00849061;0.01383733;0.068516914;0.168385469;0.200474062;0.56205182;0.56205182;0.143659006;0.143659006;0.00849061;0.00849061;0.01383733;0.068516914;0.168385469;0.200474062;0.56205182;0.56205182;0.143659006;0.143659006;0.00849061;0.00849061;0.01383733;0.068516914;0.168385469;0.200474062;0.56205182;0.56205182;0.143659006;0.143659006;0.00849061;0.00849061;0.01383733;0.068516914;0.168385469;0.200474062;0.704081633;0.431924789;0.392576864;0.41022366;0.705882353;0.32075015;0.562720023;0.348947391;0.288135593;0.510629207;0.73439391;0.537765889;4
004_0010;0.496562903;0.496832601;0.194922741;0.19546087;0.014805781;0.014805781;0.051249141;0.120472762;0.180418193;0.120859172;0.496562903;0.496832601;0.194922741;0.19546087;0.014805781;0.014805781;0.051249141;0.120472762;0.180418193;0.120859172;0.496562903;0.496832601;0.194922741;0.19546087;0.014805781;0.014805781;0.051249141;0.120472762;0.180418193;0.120859172;0.496562903;0.496832601;0.194922741;0.19546087;0.014805781;0.014805781;0.051249141;0.120472762;0.180418193;0.120859172;0.673469388;0.487150937;0.363656945;0.461916197;0.647058824;0.21276158;0.495068769;0.261924233;0.254237288;0.416927002;0.687312388;0.451300333;4
005_0001;0.484935341;0.484945571;0.155353;0.155382869;0.011098675;0.011098675;0.015624831;0.067549533;0.208487111;0.187117346;0.484935341;0.484945571;0.155353;0.155382869;0.011098675;0.011098675;0.015624831;0.067549533;0.208487111;0.187117346;0.484935341;0.484945571;0.155353;0.155382869;0.011098675;0.011098675;0.015624831;0.067549533;0.208487111;0.187117346;0.484935341;0.484945571;0.155353;0.155382869;0.011098675;0.011098675;0.015624831;0.067549533;0.208487111;0.187117346;0.642857143;0.452397609;0.400547408;0.426437135;0.764705882;0.405720413;0.580528661;0.376915663;0.338983051;0.548435274;0.709486078;0.545388706;5
005_0010;0.502080565;0.502080565;0.102482787;0.102482787;0.019157505;0.019157505;0.0145053;0.061348028;0.226894261;0.2469046;0.502080565;0.502080565;0.102482787;0.102482787;0.019157505;0.019157505;0.0145053;0.061348028;0.226894261;0.2469046;0.502080565;0.502080565;0.102482787;0.102482787;0.019157505;0.019157505;0.0145053;0.061348028;0.226894261;0.2469046;0.502080565;0.502080565;0.102482787;0.102482787;0.019157505;0.019157505;0.0145053;0.061348028;0.226894261;0.2469046;0.734693878;0.395015246;0.399770988;0.387237582;0.764705882;0.395447343;0.577166388;0.372625882;0.355932203;0.56423344;0.709669136;0.559968863;5
006_0001;0.681814763;0.681814763;0.098180473;0.098180473;0.071736519;0.071736519;0.035942468;0.080943177;0.396965079;0.177748215;0.681814763;0.681814763;0.098180473;0.098180473;0.071736519;0.071736519;0.035942468;0.080943177;0.396965079;0.177748215;0.681814763;0.681814763;0.098180473;0.098180473;0.071736519;0.071736519;0.035942468;0.080943177;0.396965079;0.177748215;0.681814763;0.681814763;0.098180473;0.098180473;0.071736519;0.071736519;0.035942468;0.080943177;0.396965079;0.177748215;0.857142857;0.259005862;0.454510228;0.267196628;0.647058824;0.090721842;0.422926229;0.167408365;0.118644068;0.259581996;0.693134233;0.474552916;6
006_0010;0.474973203;0.475019944;0.187580788;0.187672457;0.048576416;0.048576416;0.068682053;0.114426167;0.400474703;0.102049342;0.474973203;0.475019944;0.187580788;0.187672457;0.048576416;0.048576416;0.068682053;0.114426167;0.400474703;0.102049342;0.474973203;0.475019944;0.187580788;0.187672457;0.048576416;0.048576416;0.068682053;0.114426167;0.400474703;0.102049342;0.474973203;0.475019944;0.187580788;0.187672457;0.048576416;0.048576416;0.068682053;0.114426167;0.400474703;0.102049342;0.673469388;0.400110773;0.459286737;0.34259198;0.647058824;0.143443828;0.461841829;0.214057288;0.118644068;0.307776806;0.753823102;0.616563231;6
007_0001;0.561378756;0.561378756;0.094370256;0.094370256;0.006006437;0.006006437;0.012875899;0.079536956;0.103874837;0.265263756;0.561378756;0.561378756;0.094370256;0.094370256;0.006006437;0.006006437;0.012875899;0.079536956;0.103874837;0.265263756;0.561378756;0.561378756;0.094370256;0.094370256;0.006006437;0.006006437;0.012875899;0.079536956;0.103874837;0.265263756;0.561378756;0.561378756;0.094370256;0.094370256;0.006006437;0.006006437;0.012875899;0.079536956;0.103874837;0.265263756;0.765306122;0.320978915;0.449564717;0.305828948;0.764705882;0.374055738;0.554508568;0.342984023;0.423728814;0.678923781;0.732813669;0.660792608;7
007_0010;0.611850205;0.611885561;0.076681179;0.07675737;0.012275429;0.012275429;0.009743565;0.062292086;0.163768952;0.314922314;0.611850205;0.611885561;0.076681179;0.07675737;0.012275429;0.012275429;0.009743565;0.062292086;0.163768952;0.314922314;0.611850205;0.611885561;0.076681179;0.07675737;0.012275429;0.012275429;0.009743565;0.062292086;0.163768952;0.314922314;0.611850205;0.611885561;0.076681179;0.07675737;0.012275429;0.012275429;0.009743565;0.062292086;0.163768952;0.314922314;0.816326531;0.269274178;0.467553603;0.261639341;0.764705882;0.345458483;0.540486778;0.325960212;0.440677966;0.624218261;0.654593721;0.609231976;7
008_0001;0.496407107;0.496407107;0.159603548;0.159603548;0.00619397;0.00619397;0.018528054;0.07525374;0.153448808;0.179223482;0.496407107;0.496407107;0.159603548;0.159603548;0.00619397;0.00619397;0.018528054;0.07525374;0.153448808;0.179223482;0.496407107;0.496407107;0.159603548;0.159603548;0.00619397;0.00619397;0.018528054;0.07525374;0.153448808;0.179223482;0.496407107;0.496407107;0.159603548;0.159603548;0.00619397;0.00619397;0.018528054;0.07525374;0.153448808;0.179223482;0.632653061;0.481098485;0.408198222;0.427977207;0.764705882;0.405720413;0.590321648;0.397037012;0.237288136;0.372386728;0.660838598;0.39668861;8
008_0010;0.470759397;0.470761459;0.210372432;0.210379919;0.010932965;0.010932965;0.012966197;0.054277207;0.233879667;0.154133234;0.470759397;0.470761459;0.210372432;0.210379919;0.010932965;0.010932965;0.012966197;0.054277207;0.233879667;0.154133234;0.470759397;0.470761459;0.210372432;0.210379919;0.010932965;0.010932965;0.012966197;0.054277207;0.233879667;0.154133234;0.470759397;0.470761459;0.210372432;0.210379919;0.010932965;0.010932965;0.012966197;0.054277207;0.233879667;0.154133234;0.571428571;0.50559858;0.397393083;0.459776692;0.764705882;0.362887369;0.557756518;0.352483703;0.237288136;0.347985273;0.648935377;0.377548993;8
009_0001;0.327628176;0.327628176;0.048095986;0.048095986;0.029177295;0.029177295;0.014979514;0.069600816;0.152361147;0.351433272;0.327628176;0.327628176;0.048095986;0.048095986;0.029177295;0.029177295;0.014979514;0.069600816;0.152361147;0.351433272;0.327628176;0.327628176;0.048095986;0.048095986;0.029177295;0.029177295;0.014979514;0.069600816;0.152361147;0.351433272;0.327628176;0.327628176;0.048095986;0.048095986;0.029177295;0.029177295;0.014979514;0.069600816;0.152361147;0.351433272;0.602040816;0.284372322;0.494509674;0.291886416;0.705882353;0.279623498;0.512735159;0.269761083;0.220338983;0.352169615;0.646974239;0.35977429;9
009_0010;0.405299947;0.405299947;0.04560325;0.04560325;0.033357252;0.033357252;0.011138414;0.049136273;0.204453919;0.399314507;0.405299947;0.405299947;0.04560325;0.04560325;0.033357252;0.033357252;0.011138414;0.049136273;0.204453919;0.399314507;0.405299947;0.405299947;0.04560325;0.04560325;0.033357252;0.033357252;0.011138414;0.049136273;0.204453919;0.399314507;0.405299947;0.405299947;0.04560325;0.04560325;0.033357252;0.033357252;0.011138414;0.049136273;0.204453919;0.399314507;0.704081633;0.288322675;0.484741773;0.277560122;0.676470588;0.15713484;0.444031538;0.181090771;0.203389831;0.354931772;0.66668316;0.382506548;9
010_0001;0.531502537;0.531896905;0.192650555;0.193486587;0.00784038;0.00784038;0.035656052;0.083550721;0.168399256;0.138739527;0.531502537;0.531896905;0.192650555;0.193486587;0.00784038;0.00784038;0.035656052;0.083550721;0.168399256;0.138739527;0.531502537;0.531896905;0.192650555;0.193486587;0.00784038;0.00784038;0.035656052;0.083550721;0.168399256;0.138739527;0.531502537;0.531896905;0.192650555;0.193486587;0.00784038;0.00784038;0.035656052;0.083550721;0.168399256;0.138739527;0.683673469;0.461771336;0.403680188;0.391672733;0.558823529;0.405720413;0.050835244;0.399890013;0.186440678;0.477010548;0.82133544;0.691803998;10
010_0010;0.506789692;0.506983838;0.191941255;0.19238227;0.008203647;0.008203647;0.042985909;0.091886364;0.166600248;0.130833581;0.506789692;0.506983838;0.191941255;0.19238227;0.008203647;0.008203647;0.042985909;0.091886364;0.166600248;0.130833581;0.506789692;0.506983838;0.191941255;0.19238227;0.008203647;0.008203647;0.042985909;0.091886364;0.166600248;0.130833581;0.506789692;0.506983838;0.191941255;0.19238227;0.008203647;0.008203647;0.042985909;0.091886364;0.166600248;0.130833581;0.663265306;0.470976974;0.413015225;0.396165799;0.558823529;0.379516695;0.065113262;0.385529585;0.169491525;0.4375;0.80508249;0.667922401;10
011_0001;0.730931342;0.731227856;0.330059951;0.330779431;0.031355993;0.031355993;0.086802456;0.150798287;0.313363597;0.079153705;0.730931342;0.731227856;0.330059951;0.330779431;0.031355993;0.031355993;0.086802456;0.150798287;0.313363597;0.079153705;0.730931342;0.731227856;0.330059951;0.330779431;0.031355993;0.031355993;0.086802456;0.150798287;0.313363597;0.079153705;0.730931342;0.731227856;0.330059951;0.330779431;0.031355993;0.031355993;0.086802456;0.150798287;0.313363597;0.079153705;0.693877551;0.400110773;0.445326339;0.361747506;0.558823529;0.300890311;0.170115581;0.252613346;0.169491525;0.298106;0.647933266;0.353114402;11
011_0010;0.381867251;0.382099098;0.289076692;0.289534295;0.007051031;0.007051031;0.072188048;0.137544017;0.159317534;0.089906909;0.381867251;0.382099098;0.289076692;0.289534295;0.007051031;0.007051031;0.072188048;0.137544017;0.159317534;0.089906909;0.381867251;0.382099098;0.289076692;0.289534295;0.007051031;0.007051031;0.072188048;0.137544017;0.159317534;0.089906909;0.381867251;0.382099098;0.289076692;0.289534295;0.007051031;0.007051031;0.072188048;0.137544017;0.159317534;0.089906909;0.479591837;0.627481492;0.395813948;0.526439623;0.470588235;0.462592444;0.122732316;0.344083076;0.322033898;0.623435542;0.822878916;0.708877977;11
012_0001;0.60528245;0.606803315;0.201194904;0.203343109;0.056789796;0.056789796;0.082718551;0.142078106;0.407208304;0.08694437;0.60528245;0.606803315;0.201194904;0.203343109;0.056789796;0.056789796;0.082718551;0.142078106;0.407208304;0.08694437;0.60528245;0.606803315;0.201194904;0.203343109;0.056789796;0.056789796;0.082718551;0.142078106;0.407208304;0.08694437;0.60528245;0.606803315;0.201194904;0.203343109;0.056789796;0.056789796;0.082718551;0.142078106;0.407208304;0.08694437;0.744897959;0.371326462;0.437683822;0.332775447;0.617647059;0.111111111;0.253572857;0.115051111;0.118644068;0.195156187;0.607037489;0.269122195;12
012_0010;0.536339668;0.53604106;0.237446718;0.236693757;0.114211463;0.114211463;0.128200485;0.198940889;0.462769699;0.052193728;0.536339668;0.53604106;0.237446718;0.236693757;0.114211463;0.114211463;0.128200485;0.198940889;0.462769699;0.052193728;0.536339668;0.53604106;0.237446718;0.236693757;0.114211463;0.114211463;0.128200485;0.198940889;0.462769699;0.052193728;0.536339668;0.53604106;0.237446718;0.236693757;0.114211463;0.114211463;0.128200485;0.198940889;0.462769699;0.052193728;0.755102041;0.221078866;0.531627192;0.192052629;0.617647059;0.090721842;0.25097076;0.119275849;0.101694915;0.1875;0.611986671;0.287613625;12
013_0001;0.562321393;0.562342216;0.157120583;0.157115309;0.027898524;0.027898524;0.020815965;0.062313959;0.340592527;0.177387991;0.562321393;0.562342216;0.157120583;0.157115309;0.027898524;0.027898524;0.020815965;0.062313959;0.340592527;0.177387991;0.562321393;0.562342216;0.157120583;0.157115309;0.027898524;0.027898524;0.020815965;0.062313959;0.340592527;0.177387991;0.562321393;0.562342216;0.157120583;0.157115309;0.027898524;0.027898524;0.020815965;0.062313959;0.340592527;0.177387991;0.734693878;0.375812322;0.451001274;0.332660958;0.470588235;0.410760611;0.192474904;0.306359038;0.322033898;0.465614513;0.66959586;0.477335585;13
013_0010;0.597410162;0.597293162;0.146560093;0.146240802;0.034575988;0.034575988;0.025402615;0.070134085;0.328965901;0.176973985;0.597410162;0.597293162;0.146560093;0.146240802;0.034575988;0.034575988;0.025402615;0.070134085;0.328965901;0.176973985;0.597410162;0.597293162;0.146560093;0.146240802;0.034575988;0.034575988;0.025402615;0.070134085;0.328965901;0.176973985;0.597410162;0.597293162;0.146560093;0.146240802;0.034575988;0.034575988;0.025402615;0.070134085;0.328965901;0.176973985;0.765306122;0.29936453;0.496860715;0.260508063;0.529411765;0.327102254;0.17129491;0.25810075;0.254237288;0.416927002;0.693308374;0.462277008;13
014_0001;0.557670757;0.557367814;0.368557954;0.367682882;0.029278668;0.029278668;0.204057187;0.296321118;0.206631388;0.036085483;0.557670757;0.557367814;0.368557954;0.367682882;0.029278668;0.029278668;0.204057187;0.296321118;0.206631388;0.036085483;0.557670757;0.557367814;0.368557954;0.367682882;0.029278668;0.029278668;0.204057187;0.296321118;0.206631388;0.036085483;0.557670757;0.557367814;0.368557954;0.367682882;0.029278668;0.029278668;0.204057187;0.296321118;0.206631388;0.036085483;0.632653061;0.43073997;0.41848881;0.398693544;0.588235294;0.202860206;0.199181174;0.20441642;0.118644068;0.184877493;0.603103707;0.269040594;14
014_0010;0.34107256;0.341179122;0.183510585;0.18381999;0.018282862;0.018282862;0.062935909;0.120655669;0.212489226;0.109129931;0.34107256;0.341179122;0.183510585;0.18381999;0.018282862;0.018282862;0.062935909;0.120655669;0.212489226;0.109129931;0.34107256;0.341179122;0.183510585;0.18381999;0.018282862;0.018282862;0.062935909;0.120655669;0.212489226;0.109129931;0.34107256;0.341179122;0.183510585;0.18381999;0.018282862;0.018282862;0.062935909;0.120655669;0.212489226;0.109129931;0.571428571;0.473888725;0.437499146;0.409535046;0.558823529;0.35717225;0.099613791;0.32875878;0.186440678;0.40745015;0.749505738;0.549868765;14
015_0001;0.402919353;0.403417872;0.121662219;0.122503626;0.080456051;0.080456051;0.006367526;0.019116636;0.522679204;0.241648742;0.402919353;0.403417872;0.121662219;0.122503626;0.080456051;0.080456051;0.006367526;0.019116636;0.522679204;0.241648742;0.402919353;0.403417872;0.121662219;0.122503626;0.080456051;0.080456051;0.006367526;0.019116636;0.522679204;0.241648742;0.402919353;0.403417872;0.121662219;0.122503626;0.080456051;0.080456051;0.006367526;0.019116636;0.522679204;0.241648742;0.581632653;0.387261057;0.693006411;0.321894388;0.911764706;1;0.943050505;0.882857507;0.220338983;0.421585549;0.726359691;0.495951088;15
015_0010;0.447876994;0.447862987;0.1048778;0.10483304;0.069748264;0.069748264;0.008946747;0.024641521;0.508202747;0.261139436;0.447876994;0.447862987;0.1048778;0.10483304;0.069748264;0.069748264;0.008946747;0.024641521;0.508202747;0.261139436;0.447876994;0.447862987;0.1048778;0.10483304;0.069748264;0.069748264;0.008946747;0.024641521;0.508202747;0.261139436;0.447876994;0.447862987;0.1048778;0.10483304;0.069748264;0.069748264;0.008946747;0.024641521;0.508202747;0.261139436;0.642857143;0.343342981;0.535119933;0.285291825;0.882352941;0.841319755;0.832353364;0.736488133;0.203389831;0.413398642;0.734824102;0.508833768;15
016_0001;0.173618852;0.173762468;0.105329882;0.105845443;0.040499405;0.040499405;0.027004271;0.066343786;0.270082434;0.203377924;0.173618852;0.173762468;0.105329882;0.105845443;0.040499405;0.040499405;0.027004271;0.066343786;0.270082434;0.203377924;0.173618852;0.173762468;0.105329882;0.105845443;0.040499405;0.040499405;0.027004271;0.066343786;0.270082434;0.203377924;0.173618852;0.173762468;0.105329882;0.105845443;0.040499405;0.040499405;0.027004271;0.066343786;0.270082434;0.203377924;0.316326531;0.534948757;0.80013157;0.464046907;0.735294118;0.7200823;0.86354302;0.819415925;0.13559322;0.229639663;0.636150825;0.337983042;16
016_0010;0.348025461;0.348025461;0.148101156;0.148101156;0.039575397;0.039575397;0.032628822;0.068745488;0.333520485;0.1630051;0.348025461;0.348025461;0.148101156;0.148101156;0.039575397;0.039575397;0.032628822;0.068745488;0.333520485;0.1630051;0.348025461;0.348025461;0.148101156;0.148101156;0.039575397;0.039575397;0.032628822;0.068745488;0.333520485;0.1630051;0.348025461;0.348025461;0.148101156;0.148101156;0.039575397;0.039575397;0.032628822;0.068745488;0.333520485;0.1630051;0.551020408;0.43073997;0.510810682;0.367229469;0.676470588;0.458122847;0.701653363;0.627875925;0.101694915;0.195156187;0.643150763;0.375010233;16
017_0001;0.539916255;0.539916255;0.106284365;0.106284365;0.063605596;0.063605596;0.027970647;0.044111184;0.506696554;0.199836924;0.539916255;0.539916255;0.106284365;0.106284365;0.063605596;0.063605596;0.027970647;0.044111184;0.506696554;0.199836924;0.539916255;0.539916255;0.106284365;0.106284365;0.063605596;0.063605596;0.027970647;0.044111184;0.506696554;0.199836924;0.539916255;0.539916255;0.106284365;0.106284365;0.063605596;0.063605596;0.027970647;0.044111184;0.506696554;0.199836924;0.775510204;0.354767636;0.412032325;0.36858786;0.588235294;0.21276158;0.204718294;0.179020822;0.203389831;0.40625;0.718106846;0.473797544;17
017_0010;0.445632939;0.445579181;0.087486129;0.087420517;0.080784741;0.080784741;0.021171723;0.035930338;0.476612111;0.242343023;0.445632939;0.445579181;0.087486129;0.087420517;0.080784741;0.080784741;0.021171723;0.035930338;0.476612111;0.242343023;0.445632939;0.445579181;0.087486129;0.087420517;0.080784741;0.080784741;0.021171723;0.035930338;0.476612111;0.242343023;0.445632939;0.445579181;0.087486129;0.087420517;0.080784741;0.080784741;0.021171723;0.035930338;0.476612111;0.242343023;0.744897959;0.470976974;0.338691747;0.463511069;0.529411765;0.400616808;0.101859056;0.328652458;0.305084746;0.759702861;0.954661044;0.927648164;17
018_0001;0.638408819;0.638469712;0.110224416;0.110310265;0.073270254;0.073270254;0.0132816;0.025031821;0.560802531;0.239754022;0.638408819;0.638469712;0.110224416;0.110310265;0.073270254;0.073270254;0.0132816;0.025031821;0.560802531;0.239754022;0.638408819;0.638469712;0.110224416;0.110310265;0.073270254;0.073270254;0.0132816;0.025031821;0.560802531;0.239754022;0.638408819;0.638469712;0.110224416;0.110310265;0.073270254;0.073270254;0.0132816;0.025031821;0.560802531;0.239754022;0.775510204;0.292227653;0.467578064;0.284272412;0.647058824;0.111111111;0.396365751;0.136226008;0.254237288;0.522912517;0.771449828;0.574664364;18
018_0010;0.609015608;0.609005458;0.148602624;0.148578669;0.061904331;0.061904331;0.016792254;0.027938081;0.589120907;0.190717082;0.609015608;0.609005458;0.148602624;0.148578669;0.061904331;0.061904331;0.016792254;0.027938081;0.589120907;0.190717082;0.609015608;0.609005458;0.148602624;0.148578669;0.061904331;0.061904331;0.016792254;0.027938081;0.589120907;0.190717082;0.609015608;0.609005458;0.148602624;0.148578669;0.061904331;0.061904331;0.016792254;0.027938081;0.589120907;0.190717082;0.775510204;0.296088787;0.457093575;0.285906971;0.647058824;0.090721842;0.401770585;0.127324984;0.237288136;0.446339277;0.719471104;0.484472939;18
019_0001;0.507110992;0.507678739;0.111546576;0.112385658;0.042110802;0.042110802;0.003665577;0.017824167;0.436702928;0.264803344;0.507110992;0.507678739;0.111546576;0.112385658;0.042110802;0.042110802;0.003665577;0.017824167;0.436702928;0.264803344;0.507110992;0.507678739;0.111546576;0.112385658;0.042110802;0.042110802;0.003665577;0.017824167;0.436702928;0.264803344;0.507110992;0.507678739;0.111546576;0.112385658;0.042110802;0.042110802;0.003665577;0.017824167;0.436702928;0.264803344;0.693877551;0.405149469;0.406637235;0.384934327;0.852941176;0.580903227;0.642639432;0.475017451;0.440677966;0.832095435;0.892429656;0.87329675;19
019_0010;0.505469217;0.505777819;0.11223306;0.112765509;0.049781968;0.049781968;0.006120327;0.018892321;0.458710888;0.256946872;0.505469217;0.505777819;0.11223306;0.112765509;0.049781968;0.049781968;0.006120327;0.018892321;0.458710888;0.256946872;0.505469217;0.505777819;0.11223306;0.112765509;0.049781968;0.049781968;0.006120327;0.018892321;0.458710888;0.256946872;0.505469217;0.505777819;0.11223306;0.112765509;0.049781968;0.049781968;0.006120327;0.018892321;0.458710888;0.256946872;0.704081633;0.348619758;0.484196843;0.297578275;0.794117647;0.525090625;0.653410687;0.480086408;0.305084746;0.722138751;0.935258031;0.899191328;19
020_0001;0.549565232;0.5497315;0.100426487;0.100717206;0.038071961;0.038071961;0.013227478;0.038271906;0.355054998;0.254015478;0.549565232;0.5497315;0.100426487;0.100717206;0.038071961;0.038071961;0.013227478;0.038271906;0.355054998;0.254015478;0.549565232;0.5497315;0.100426487;0.100717206;0.038071961;0.038071961;0.013227478;0.038271906;0.355054998;0.254015478;0.549565232;0.5497315;0.100426487;0.100717206;0.038071961;0.038071961;0.013227478;0.038271906;0.355054998;0.254015478;0.755102041;0.338483986;0.43763982;0.326604333;0.705882353;0.339450051;0.571828681;0.355530783;0.355932203;0.791186806;0.940766077;0.913531267;20
020_0010;0.358102534;0.358102534;0.099911704;0.099911704;0.030351205;0.030351205;0.02253348;0.055889745;0.261035651;0.223168104;0.358102534;0.358102534;0.099911704;0.099911704;0.030351205;0.030351205;0.02253348;0.055889745;0.261035651;0.223168104;0.358102534;0.358102534;0.099911704;0.099911704;0.030351205;0.030351205;0.02253348;0.055889745;0.261035651;0.223168104;0.358102534;0.358102534;0.099911704;0.099911704;0.030351205;0.030351205;0.02253348;0.055889745;0.261035651;0.223168104;0.642857143;0.401375701;0.464988445;0.341893883;0.588235294;0.264497349;0.137971478;0.280045282;0.203389831;0.595392465;0.920567463;0.882942953;20
021_0001;0.639847002;0.639842632;0.113431664;0.113423222;0.019238894;0.019238894;0.014562792;0.056307078;0.246502496;0.231934359;0.639847002;0.639842632;0.113431664;0.113423222;0.019238894;0.019238894;0.014562792;0.056307078;0.246502496;0.231934359;0.639847002;0.639842632;0.113431664;0.113423222;0.019238894;0.019238894;0.014562792;0.056307078;0.246502496;0.231934359;0.639847002;0.639842632;0.113431664;0.113423222;0.019238894;0.019238894;0.014562792;0.056307078;0.246502496;0.231934359;0.765306122;0.371326462;0.407236605;0.374221102;0.588235294;0.25660012;0.487724597;0.277181957;0.491525424;0.825615301;0.776661883;0.790939138;21
021_0010;0.633610366;0.633440391;0.102549596;0.102229425;0.030511975;0.030511975;0.009824885;0.045641679;0.29648924;0.262445426;0.633610366;0.633440391;0.102549596;0.102229425;0.030511975;0.030511975;0.009824885;0.045641679;0.29648924;0.262445426;0.633610366;0.633440391;0.102549596;0.102229425;0.030511975;0.030511975;0.009824885;0.045641679;0.29648924;0.262445426;0.633610366;0.633440391;0.102549596;0.102229425;0.030511975;0.030511975;0.009824885;0.045641679;0.29648924;0.262445426;0.755102041;0.39330377;0.383269724;0.416601845;0.558823529;0.35717225;0.480849984;0.356418131;0.322033898;0.819083901;0.986778489;0.981747725;21
022_0001;0.403077647;0.403189732;0.166390604;0.166661654;0.004167314;0.004167314;0.016651914;0.08305756;0.132929236;0.177034959;0.403077647;0.403189732;0.166390604;0.166661654;0.004167314;0.004167314;0.016651914;0.08305756;0.132929236;0.177034959;0.403077647;0.403189732;0.166390604;0.166661654;0.004167314;0.004167314;0.016651914;0.08305756;0.132929236;0.177034959;0.403077647;0.403189732;0.166390604;0.166661654;0.004167314;0.004167314;0.016651914;0.08305756;0.132929236;0.177034959;0.551020408;0.560410684;0.380410672;0.489806241;0.823529412;0.521157307;0.620398931;0.445086542;0.152542373;0.197642354;0.586402256;0.235957117;22
022_0010;0.520068413;0.520347788;0.183119868;0.183681129;0.004820032;0.004820032;0.011838944;0.065029003;0.153483384;0.171640582;0.520068413;0.520347788;0.183119868;0.183681129;0.004820032;0.004820032;0.011838944;0.065029003;0.153483384;0.171640582;0.520068413;0.520347788;0.183119868;0.183681129;0.004820032;0.004820032;0.011838944;0.065029003;0.153483384;0.171640582;0.520068413;0.520347788;0.183119868;0.183681129;0.004820032;0.004820032;0.011838944;0.065029003;0.153483384;0.171640582;0.632653061;0.526432223;0.367095748;0.46749412;0.823529412;0.458122847;0.583588467;0.391353464;0.220338983;0.267000117;0.596437651;0.281935266;22
023_0001;0.251209796;0.251711211;0.114951986;0.116586754;0.023873839;0.023873839;0.026979177;0.08629824;0.162894594;0.19558169;0.251209796;0.251711211;0.114951986;0.116586754;0.023873839;0.023873839;0.026979177;0.08629824;0.162894594;0.19558169;0.251209796;0.251711211;0.114951986;0.116586754;0.023873839;0.023873839;0.026979177;0.08629824;0.162894594;0.19558169;0.251209796;0.251711211;0.114951986;0.116586754;0.023873839;0.023873839;0.026979177;0.08629824;0.162894594;0.19558169;0.489795918;0.482885732;0.760625822;0.39226838;0.647058824;0;0.361368211;0.058958824;0.06779661;0.054126588;0.417933804;0.054852997;23
023_0010;0.374127283;0.374127283;0.208910301;0.208910301;0.04054612;0.04054612;0.079861928;0.161314482;0.193250326;0.090046892;0.374127283;0.374127283;0.208910301;0.208910301;0.04054612;0.04054612;0.079861928;0.161314482;0.193250326;0.090046892;0.374127283;0.374127283;0.208910301;0.208910301;0.04054612;0.04054612;0.079861928;0.161314482;0.193250326;0.090046892;0.374127283;0.374127283;0.208910301;0.208910301;0.04054612;0.04054612;0.079861928;0.161314482;0.193250326;0.090046892;0.602040816;0.402637106;0.764839254;0.322246683;0.647058824;0;0.361368211;0.058958824;0.06779661;0.054126588;0.41513243;0.051968775;23
024_0001;0.142836688;0.142773268;0.143296155;0.142969003;0.053545742;0.053545742;0.067715625;0.098385334;0.313469486;0.099522298;0.142836688;0.142773268;0.143296155;0.142969003;0.053545742;0.053545742;0.067715625;0.098385334;0.313469486;0.099522298;0.142836688;0.142773268;0.143296155;0.142969003;0.053545742;0.053545742;0.067715625;0.098385334;0.313469486;0.099522298;0.142836688;0.142773268;0.143296155;0.142969003;0.053545742;0.053545742;0.067715625;0.098385334;0.313469486;0.099522298;0.255102041;0.50559858;0.733089303;0.442091092;0.705882353;0.293972368;0.528271415;0.288429774;0.101694915;0.098821177;0.532698105;0.127050432;24
024_0010;0.177256827;0.177269102;0.107095192;0.107138508;0.047875951;0.047875951;0.032448494;0.069577461;0.282485438;0.185526657;0.177256827;0.177269102;0.107095192;0.107138508;0.047875951;0.047875951;0.032448494;0.069577461;0.282485438;0.185526657;0.177256827;0.177269102;0.107095192;0.107138508;0.047875951;0.047875951;0.032448494;0.069577461;0.282485438;0.185526657;0.177256827;0.177269102;0.107095192;0.107138508;0.047875951;0.047875951;0.032448494;0.069577461;0.282485438;0.185526657;0.346938776;0.46804891;0.770671409;0.403416439;0.705882353;0.300890311;0.534722985;0.299345381;0.101694915;0.112673477;0.544668064;0.150606158;24
025_0001;0.586853746;0.586853746;0.122257497;0.122257497;0.003489898;0.003489898;0.02474531;0.105009658;0.074872646;0.196216268;0.586853746;0.586853746;0.122257497;0.122257497;0.003489898;0.003489898;0.02474531;0.105009658;0.074872646;0.196216268;0.586853746;0.586853746;0.122257497;0.122257497;0.003489898;0.003489898;0.02474531;0.105009658;0.074872646;0.196216268;0.586853746;0.586853746;0.122257497;0.122257497;0.003489898;0.003489898;0.02474531;0.105009658;0.074872646;0.196216268;0.744897959;0.344789067;0.460056245;0.309423433;0.705882353;0.314269681;0.560133936;0.347336574;0.203389831;0.37107319;0.687202487;0.420502935;25
025_0010;0.611361216;0.611364432;0.106712385;0.106717964;0.008920286;0.008920286;0.015486189;0.072876648;0.137291903;0.237939995;0.611361216;0.611364432;0.106712385;0.106717964;0.008920286;0.008920286;0.015486189;0.072876648;0.137291903;0.237939995;0.611361216;0.611364432;0.106712385;0.106717964;0.008920286;0.008920286;0.015486189;0.072876648;0.137291903;0.237939995;0.611361216;0.611364432;0.106712385;0.106717964;0.008920286;0.008920286;0.015486189;0.072876648;0.137291903;0.237939995;0.775510204;0.318925692;0.459064948;0.290704959;0.735294118;0.327102254;0.548880168;0.336692303;0.237288136;0.390312375;0.672264593;0.411930176;25
026_0001;0.156114907;0.156114907;0.039427653;0.039427653;0.166866585;0.166866585;0.009732669;0.029122488;0.411399907;0.441560711;0.156114907;0.156114907;0.039427653;0.039427653;0.166866585;0.166866585;0.009732669;0.029122488;0.411399907;0.441560711;0.156114907;0.156114907;0.039427653;0.039427653;0.166866585;0.166866585;0.009732669;0.029122488;0.411399907;0.441560711;0.156114907;0.156114907;0.039427653;0.039427653;0.166866585;0.166866585;0.009732669;0.029122488;0.411399907;0.441560711;0.367346939;0.346709017;0.810687533;0.374870871;0.676470588;0.15713484;0.44193;0.171594867;0.084745763;0.03125;0.483007603;0.044603496;26
026_0010;0.128294609;0.128294609;0.056162649;0.056162649;0.185218104;0.185218104;0.010338168;0.025745881;0.481814101;0.369733335;0.128294609;0.128294609;0.056162649;0.056162649;0.185218104;0.185218104;0.010338168;0.025745881;0.481814101;0.369733335;0.128294609;0.128294609;0.056162649;0.056162649;0.185218104;0.185218104;0.010338168;0.025745881;0.481814101;0.369733335;0.128294609;0.128294609;0.056162649;0.056162649;0.185218104;0.185218104;0.010338168;0.025745881;0.481814101;0.369733335;0.306122449;0.406400482;0.875227303;0.412345959;0.676470588;0.169725026;0.449924176;0.182349295;0.084745763;0.03125;0.487174609;0.055155695;26
027_0001;0.578827305;0.578829746;0.053101671;0.053106506;0.021377625;0.021377625;0.015403789;0.063108293;0.179424891;0.335360422;0.578827305;0.578829746;0.053101671;0.053106506;0.021377625;0.021377625;0.015403789;0.063108293;0.179424891;0.335360422;0.578827305;0.578829746;0.053101671;0.053106506;0.021377625;0.021377625;0.015403789;0.063108293;0.179424891;0.335360422;0.578827305;0.578829746;0.053101671;0.053106506;0.021377625;0.021377625;0.015403789;0.063108293;0.179424891;0.335360422;0.836734694;0.243902757;0.470237876;0.261716;0.647058824;0.12830006;0.440849943;0.177148801;0.220338983;0.49509311;0.786049266;0.603163512;27
027_0010;0.656329858;0.656324245;0.043059194;0.043046093;0.033286715;0.033286715;0.010275854;0.045512563;0.253612076;0.419010785;0.656329858;0.656324245;0.043059194;0.043046093;0.033286715;0.033286715;0.010275854;0.045512563;0.253612076;0.419010785;0.656329858;0.656324245;0.043059194;0.043046093;0.033286715;0.033286715;0.010275854;0.045512563;0.253612076;0.419010785;0.656329858;0.656324245;0.043059194;0.043046093;0.033286715;0.033286715;0.010275854;0.045512563;0.253612076;0.419010785;0.87755102;0.207450212;0.483685785;0.232387761;0.647058824;0.12830006;0.437480933;0.175355706;0.305084746;0.534913837;0.732608457;0.549236838;27
028_0001;0.241872447;0.241872447;0.130388788;0.130388788;0.023987836;0.023987836;0.053476267;0.121588954;0.118142286;0.126403068;0.241872447;0.241872447;0.130388788;0.130388788;0.023987836;0.023987836;0.053476267;0.121588954;0.118142286;0.126403068;0.241872447;0.241872447;0.130388788;0.130388788;0.023987836;0.023987836;0.053476267;0.121588954;0.118142286;0.126403068;0.241872447;0.241872447;0.130388788;0.130388788;0.023987836;0.023987836;0.053476267;0.121588954;0.118142286;0.126403068;0.428571429;0.410546076;0.810643364;0.356916394;0.647058824;0.181443685;0.487173897;0.242407122;0.084745763;0.076546554;0.525619122;0.120009366;28
028_0010;0.12929317;0.128597299;0.147092788;0.144250212;0.149599367;0.149599367;0.022232253;0.051575366;0.36760344;0.183268437;0.12929317;0.128597299;0.147092788;0.144250212;0.149599367;0.149599367;0.022232253;0.051575366;0.36760344;0.183268437;0.12929317;0.128597299;0.147092788;0.144250212;0.149599367;0.149599367;0.022232253;0.051575366;0.36760344;0.183268437;0.12929317;0.128597299;0.147092788;0.144250212;0.149599367;0.149599367;0.022232253;0.051575366;0.36760344;0.183268437;0.234693878;0.577014804;0.963655406;0.524550392;0.647058824;0.143443828;0.455302709;0.194526334;0.084745763;0.03125;0.490491957;0.048354605;28
029_0001;0.609117711;0.609117711;0.115304312;0.115304312;0.045363213;0.045363213;0.010712257;0.021373679;0.443676371;0.240010937;0.609117711;0.609117711;0.115304312;0.115304312;0.045363213;0.045363213;0.010712257;0.021373679;0.443676371;0.240010937;0.609117711;0.609117711;0.115304312;0.115304312;0.045363213;0.045363213;0.010712257;0.021373679;0.443676371;0.240010937;0.609117711;0.609117711;0.115304312;0.115304312;0.045363213;0.045363213;0.010712257;0.021373679;0.443676371;0.240010937;0.775510204;0.390724142;0.406047535;0.356185534;0.705882353;0.231296222;0.484932444;0.231209994;0.254237288;0.361744903;0.612066557;0.332986695;29
029_0010;0.506593071;0.506593071;0.143651159;0.143651159;0.028891243;0.028891243;0.015677063;0.039756853;0.32607112;0.197038746;0.506593071;0.506593071;0.143651159;0.143651159;0.028891243;0.028891243;0.015677063;0.039756853;0.32607112;0.197038746;0.506593071;0.506593071;0.143651159;0.143651159;0.028891243;0.028891243;0.015677063;0.039756853;0.32607112;0.197038746;0.506593071;0.506593071;0.143651159;0.143651159;0.028891243;0.028891243;0.015677063;0.039756853;0.32607112;0.197038746;0.663265306;0.457293492;0.448829995;0.373899813;0.735294118;0.25660012;0.480849984;0.232722635;0.237288136;0.29973947;0.584437612;0.281881328;29
030_0001;0.192835133;0.192835133;0.088168361;0.088168361;0.043462598;0.043462598;0.015817821;0.048390508;0.322027284;0.26384949;0.192835133;0.192835133;0.088168361;0.088168361;0.043462598;0.043462598;0.015817821;0.048390508;0.322027284;0.26384949;0.192835133;0.192835133;0.088168361;0.088168361;0.043462598;0.043462598;0.015817821;0.048390508;0.322027284;0.26384949;0.192835133;0.192835133;0.088168361;0.088168361;0.043462598;0.043462598;0.015817821;0.048390508;0.322027284;0.26384949;0.387755102;0.524448991;0.471767791;0.475707154;0.647058824;0.143443828;0.45783143;0.20124902;0.084745763;0.054126588;0.505040581;0.076246331;30
030_0010;0.242442483;0.242442483;0.145102273;0.145102273;0.038028253;0.038028253;0.059984837;0.095330423;0.271722673;0.114241461;0.242442483;0.242442483;0.145102273;0.145102273;0.038028253;0.038028253;0.059984837;0.095330423;0.271722673;0.114241461;0.242442483;0.242442483;0.145102273;0.145102273;0.038028253;0.038028253;0.059984837;0.095330423;0.271722673;0.114241461;0.242442483;0.242442483;0.145102273;0.145102273;0.038028253;0.038028253;0.059984837;0.095330423;0.271722673;0.114241461;0.428571429;0.466946625;0.774010319;0.398488319;0.647058824;0.15713484;0.467804128;0.213360906;0.101694915;0.108253175;0.550378903;0.166361262;30
031_0001;0.531355137;0.531355137;0.166011251;0.166011251;0.019425835;0.019425835;0.039957141;0.091050171;0.246786872;0.143450217;0.531355137;0.531355137;0.166011251;0.166011251;0.019425835;0.019425835;0.039957141;0.091050171;0.246786872;0.143450217;0.531355137;0.531355137;0.166011251;0.166011251;0.019425835;0.019425835;0.039957141;0.091050171;0.246786872;0.143450217;0.531355137;0.531355137;0.166011251;0.166011251;0.019425835;0.019425835;0.039957141;0.091050171;0.246786872;0.143450217;0.693877551;0.430344383;0.383291346;0.437436617;0.705882353;0.300890311;0.550028624;0.336712089;0.203389831;0.411029576;0.730773794;0.50293505;31
031_0010;0.479813359;0.479813359;0.10626028;0.10626028;0.025761671;0.025761671;0.032879024;0.088394328;0.220040583;0.184643555;0.479813359;0.479813359;0.10626028;0.10626028;0.025761671;0.025761671;0.032879024;0.088394328;0.220040583;0.184643555;0.479813359;0.479813359;0.10626028;0.10626028;0.025761671;0.025761671;0.032879024;0.088394328;0.220040583;0.184643555;0.479813359;0.479813359;0.10626028;0.10626028;0.025761671;0.025761671;0.032879024;0.088394328;0.220040583;0.184643555;0.724489796;0.354298028;0.385703845;0.434406021;0.676470588;0.240027433;0.525066099;0.304530422;0.152542373;0.309359217;0.690633546;0.435021403;31
